,taxi_id,longitude,latitude,time,occupancy_status,route_number,route_start,route_end
323559,dodBcDpez8w=,113.81015,22.626467,2016-06-13 12:03:02,1,2199,True,False
323560,dodBcDpez8w=,113.809464,22.625467,2016-06-13 12:03:24,1,2199,False,False
323561,dodBcDpez8w=,113.808647,22.625017,2016-06-13 12:03:31,1,2199,False,False
323562,dodBcDpez8w=,113.8116,22.614933,2016-06-13 12:04:53,1,2199,False,False
323563,dodBcDpez8w=,113.812599,22.6131,2016-06-13 12:05:03,1,2199,False,False
323564,dodBcDpez8w=,113.813385,22.611683,2016-06-13 12:05:13,1,2199,False,False
323565,dodBcDpez8w=,113.814232,22.610718,2016-06-13 12:05:23,1,2199,False,False
323566,dodBcDpez8w=,113.815453,22.610184,2016-06-13 12:05:33,1,2199,False,False
323567,dodBcDpez8w=,113.81662,22.610033,2016-06-13 12:05:43,1,2199,False,False
323568,dodBcDpez8w=,113.817764,22.610018,2016-06-13 12:05:53,1,2199,False,False
323569,dodBcDpez8w=,113.818802,22.610617,2016-06-13 12:06:03,1,2199,False,False
323570,dodBcDpez8w=,113.819382,22.611732,2016-06-13 12:06:13,1,2199,False,False
323571,dodBcDpez8w=,113.822083,22.613449,2016-06-13 12:06:33,1,2199,False,False
323572,dodBcDpez8w=,113.823982,22.614367,2016-06-13 12:06:43,1,2199,False,False
323573,dodBcDpez8w=,113.828499,22.616501,2016-06-13 12:07:07,1,2199,False,False
323574,dodBcDpez8w=,113.829582,22.617018,2016-06-13 12:07:13,1,2199,False,False
323575,dodBcDpez8w=,113.831467,22.617867,2016-06-13 12:07:23,1,2199,False,False
323576,dodBcDpez8w=,113.833565,22.618851,2016-06-13 12:07:33,1,2199,False,False
323577,dodBcDpez8w=,113.835648,22.61965,2016-06-13 12:07:43,1,2199,False,False
323578,dodBcDpez8w=,113.837769,22.620216,2016-06-13 12:07:53,1,2199,False,False
323579,dodBcDpez8w=,113.84005,22.6208,2016-06-13 12:08:03,1,2199,False,False
323580,dodBcDpez8w=,113.842133,22.621349,2016-06-13 12:08:13,1,2199,False,False
323581,dodBcDpez8w=,113.84407,22.621817,2016-06-13 12:08:23,1,2199,False,False
323582,dodBcDpez8w=,113.84608500000002,22.622334,2016-06-13 12:08:33,1,2199,False,False
323583,dodBcDpez8w=,113.848015,22.623167,2016-06-13 12:08:43,1,2199,False,False
323584,dodBcDpez8w=,113.849533,22.624317,2016-06-13 12:08:53,1,2199,False,False
323585,dodBcDpez8w=,113.851067,22.625151,2016-06-13 12:09:03,1,2199,False,False
323586,dodBcDpez8w=,113.851753,22.62545,2016-06-13 12:09:13,1,2199,False,False
323587,dodBcDpez8w=,113.851784,22.62545,2016-06-13 12:09:23,1,2199,False,False
323588,dodBcDpez8w=,113.851784,22.62545,2016-06-13 12:09:33,1,2199,False,False
323589,dodBcDpez8w=,113.852402,22.625668,2016-06-13 12:09:43,1,2199,False,False
323590,dodBcDpez8w=,113.853699,22.625784,2016-06-13 12:09:53,1,2199,False,False
323591,dodBcDpez8w=,113.855347,22.6257,2016-06-13 12:10:03,1,2199,False,False
323592,dodBcDpez8w=,113.85717,22.6252,2016-06-13 12:10:13,1,2199,False,False
323593,dodBcDpez8w=,113.859032,22.624533,2016-06-13 12:10:23,1,2199,False,False
323594,dodBcDpez8w=,113.860916,22.623934,2016-06-13 12:10:33,1,2199,False,False
323595,dodBcDpez8w=,113.868797,22.621033,2016-06-13 12:11:13,1,2199,False,False
323596,dodBcDpez8w=,113.87088,22.620001,2016-06-13 12:11:23,1,2199,False,False
323597,dodBcDpez8w=,113.87262,22.618933,2016-06-13 12:11:33,1,2199,False,False
323598,dodBcDpez8w=,113.874367,22.617634,2016-06-13 12:11:43,1,2199,False,False
323599,dodBcDpez8w=,113.879898,22.6112,2016-06-13 12:12:18,1,2199,False,False
323600,dodBcDpez8w=,113.88015,22.610817,2016-06-13 12:12:20,1,2199,False,False
323601,dodBcDpez8w=,113.881119,22.609333,2016-06-13 12:12:28,1,2199,False,False
323602,dodBcDpez8w=,113.883598,22.605818,2016-06-13 12:12:45,1,2199,False,False
323603,dodBcDpez8w=,113.883919,22.605433,2016-06-13 12:12:48,1,2199,False,False
323604,dodBcDpez8w=,113.88562,22.603649,2016-06-13 12:12:58,1,2199,False,False
323605,dodBcDpez8w=,113.887299,22.6022,2016-06-13 12:13:08,1,2199,False,False
323606,dodBcDpez8w=,113.889053,22.600933,2016-06-13 12:13:18,1,2199,False,False
323607,dodBcDpez8w=,113.890869,22.599667,2016-06-13 12:13:28,1,2199,False,False
323608,dodBcDpez8w=,113.892784,22.598333,2016-06-13 12:13:38,1,2199,False,False
323609,dodBcDpez8w=,113.894569,22.59705,2016-06-13 12:13:48,1,2199,False,False
323610,dodBcDpez8w=,113.8965,22.595551,2016-06-13 12:13:58,1,2199,False,False
323611,dodBcDpez8w=,113.898354,22.593933,2016-06-13 12:14:08,1,2199,False,False
323612,dodBcDpez8w=,113.900116,22.592266,2016-06-13 12:14:18,1,2199,False,False
323613,dodBcDpez8w=,113.901833,22.590517,2016-06-13 12:14:28,1,2199,False,False
323614,dodBcDpez8w=,113.903381,22.58885,2016-06-13 12:14:38,1,2199,False,False
323615,dodBcDpez8w=,113.904968,22.587151,2016-06-13 12:14:48,1,2199,False,False
323616,dodBcDpez8w=,113.90633400000002,22.585649,2016-06-13 12:14:58,1,2199,False,False
323617,dodBcDpez8w=,113.907852,22.584,2016-06-13 12:15:08,1,2199,False,False
323618,dodBcDpez8w=,113.909569,22.582167,2016-06-13 12:15:18,1,2199,False,False
323619,dodBcDpez8w=,113.911285,22.580317,2016-06-13 12:15:28,1,2199,False,False
323620,dodBcDpez8w=,113.912697,22.5788,2016-06-13 12:15:38,1,2199,False,False
323621,dodBcDpez8w=,113.914101,22.577232,2016-06-13 12:15:48,1,2199,False,False
323622,dodBcDpez8w=,113.91552,22.575733,2016-06-13 12:15:57,1,2199,False,False
323623,dodBcDpez8w=,113.916748,22.574432,2016-06-13 12:16:08,1,2199,False,False
323624,dodBcDpez8w=,113.935684,22.565666,2016-06-13 12:19:28,1,2199,False,False
323625,dodBcDpez8w=,113.935684,22.565666,2016-06-13 12:19:29,1,2199,False,False
323626,dodBcDpez8w=,113.93663,22.565651000000006,2016-06-13 12:19:35,1,2199,False,False
323627,dodBcDpez8w=,113.940063,22.565666,2016-06-13 12:19:55,1,2199,False,False
323628,dodBcDpez8w=,113.942268,22.565617,2016-06-13 12:20:05,1,2199,False,False
323629,dodBcDpez8w=,113.944771,22.565451,2016-06-13 12:20:15,1,2199,False,False
323630,dodBcDpez8w=,113.947281,22.565201,2016-06-13 12:20:25,1,2199,False,False
323631,dodBcDpez8w=,113.949684,22.564899,2016-06-13 12:20:35,1,2199,False,False
323632,dodBcDpez8w=,113.95228600000002,22.564533,2016-06-13 12:20:45,1,2199,False,False
323633,dodBcDpez8w=,113.95488,22.564083,2016-06-13 12:20:55,1,2199,False,False
323634,dodBcDpez8w=,113.957314,22.563667,2016-06-13 12:21:05,1,2199,False,False
323635,dodBcDpez8w=,113.959503,22.563316,2016-06-13 12:21:15,1,2199,False,False
323636,dodBcDpez8w=,113.961517,22.563299,2016-06-13 12:21:25,1,2199,False,False
323637,dodBcDpez8w=,113.96347,22.563917,2016-06-13 12:21:35,1,2199,False,False
323638,dodBcDpez8w=,113.965065,22.5651,2016-06-13 12:21:45,1,2199,False,False
323639,dodBcDpez8w=,113.966164,22.566616,2016-06-13 12:21:55,1,2199,False,False
323640,dodBcDpez8w=,113.966667,22.56835,2016-06-13 12:22:05,1,2199,False,False
323641,dodBcDpez8w=,113.966682,22.570183,2016-06-13 12:22:15,1,2199,False,False
323642,dodBcDpez8w=,113.966637,22.571917000000006,2016-06-13 12:22:25,1,2199,False,False
323643,dodBcDpez8w=,113.966614,22.573668,2016-06-13 12:22:35,1,2199,False,False
323644,dodBcDpez8w=,113.966652,22.574949,2016-06-13 12:22:45,1,2199,False,False
323645,dodBcDpez8w=,113.966652,22.574949,2016-06-13 12:22:55,1,2199,False,False
323646,dodBcDpez8w=,113.966553,22.578917,2016-06-13 12:23:05,1,2199,False,False
323647,dodBcDpez8w=,113.966949,22.580618,2016-06-13 12:23:15,1,2199,False,False
323648,dodBcDpez8w=,113.967667,22.582268,2016-06-13 12:23:25,1,2199,False,False
323649,dodBcDpez8w=,113.968849,22.583851,2016-06-13 12:23:35,1,2199,False,False
323650,dodBcDpez8w=,113.970619,22.585167,2016-06-13 12:23:45,1,2199,False,False
323651,dodBcDpez8w=,113.972519,22.585917,2016-06-13 12:23:55,1,2199,False,False
323652,dodBcDpez8w=,113.974434,22.586166,2016-06-13 12:24:05,1,2199,False,False
323653,dodBcDpez8w=,113.976501,22.586184,2016-06-13 12:24:15,1,2199,False,False
323654,dodBcDpez8w=,113.978783,22.586184,2016-06-13 12:24:25,1,2199,False,False
323655,dodBcDpez8w=,113.981049,22.586033,2016-06-13 12:24:35,1,2199,False,False
323656,dodBcDpez8w=,113.98307,22.586033,2016-06-13 12:24:45,1,2199,False,False
323657,dodBcDpez8w=,113.985031,22.586349,2016-06-13 12:24:55,1,2199,False,False
323658,dodBcDpez8w=,113.986931,22.586567,2016-06-13 12:25:05,1,2199,False,False
323659,dodBcDpez8w=,113.988449,22.586718,2016-06-13 12:25:15,1,2199,False,False
323660,dodBcDpez8w=,113.98967,22.586918,2016-06-13 12:25:25,1,2199,False,False
323661,dodBcDpez8w=,113.990967,22.587217000000006,2016-06-13 12:25:35,1,2199,False,False
323662,dodBcDpez8w=,113.992332,22.587633,2016-06-13 12:25:45,1,2199,False,False
323663,dodBcDpez8w=,113.99382,22.588301,2016-06-13 12:25:55,1,2199,False,False
323664,dodBcDpez8w=,113.995598,22.589018,2016-06-13 12:26:04,1,2199,False,False
323665,dodBcDpez8w=,113.997215,22.589701,2016-06-13 12:26:15,1,2199,False,False
323666,dodBcDpez8w=,113.998749,22.5903,2016-06-13 12:26:25,1,2199,False,False
323667,dodBcDpez8w=,114.000237,22.5907,2016-06-13 12:26:35,1,2199,False,False
323668,dodBcDpez8w=,114.001816,22.5909,2016-06-13 12:26:45,1,2199,False,False
323669,dodBcDpez8w=,114.003365,22.590918,2016-06-13 12:26:55,1,2199,False,False
323670,dodBcDpez8w=,114.004784,22.59075,2016-06-13 12:27:04,1,2199,False,False
323671,dodBcDpez8w=,114.006218,22.590532,2016-06-13 12:27:15,1,2199,False,False
323672,dodBcDpez8w=,114.00816299999998,22.59025,2016-06-13 12:27:25,1,2199,False,False
323673,dodBcDpez8w=,114.010513,22.59005,2016-06-13 12:27:35,1,2199,False,False
323674,dodBcDpez8w=,114.012985,22.590384,2016-06-13 12:27:45,1,2199,False,False
323675,dodBcDpez8w=,114.01535,22.591101,2016-06-13 12:27:55,1,2199,False,False
323676,dodBcDpez8w=,114.017235,22.5917,2016-06-13 12:28:05,1,2199,False,False
323677,dodBcDpez8w=,114.01902,22.592266,2016-06-13 12:28:15,1,2199,False,False
323678,dodBcDpez8w=,114.020164,22.592617,2016-06-13 12:28:25,1,2199,False,False
323679,dodBcDpez8w=,114.021515,22.59235,2016-06-13 12:28:35,1,2199,False,False
323680,dodBcDpez8w=,114.022583,22.592216,2016-06-13 12:28:45,1,2199,False,False
323681,dodBcDpez8w=,114.023216,22.593233,2016-06-13 12:28:55,1,2199,False,False
323682,dodBcDpez8w=,114.023499,22.594767,2016-06-13 12:29:05,1,2199,False,False
323683,dodBcDpez8w=,114.024071,22.596268,2016-06-13 12:29:15,1,2199,False,False
323684,dodBcDpez8w=,114.02552,22.597467,2016-06-13 12:29:25,1,2199,False,False
323685,dodBcDpez8w=,114.026535,22.598867,2016-06-13 12:29:35,1,2199,False,False
323686,dodBcDpez8w=,114.026466,22.600599,2016-06-13 12:29:45,1,2199,False,False
323687,dodBcDpez8w=,114.025665,22.6022,2016-06-13 12:29:55,1,2199,False,False
323688,dodBcDpez8w=,114.024681,22.603634,2016-06-13 12:30:05,1,2199,False,False
323689,dodBcDpez8w=,114.023682,22.604834,2016-06-13 12:30:15,1,2199,False,False
323690,dodBcDpez8w=,114.022919,22.605734,2016-06-13 12:30:25,1,2199,False,False
323691,dodBcDpez8w=,114.022598,22.606033,2016-06-13 12:30:35,1,2199,False,False
323692,dodBcDpez8w=,114.022301,22.606783,2016-06-13 12:30:45,1,2199,False,False
323693,dodBcDpez8w=,114.022385,22.6077,2016-06-13 12:30:55,1,2199,False,False
323694,dodBcDpez8w=,114.022415,22.607817,2016-06-13 12:31:05,1,2199,False,False
323695,dodBcDpez8w=,114.022415,22.607817,2016-06-13 12:31:15,1,2199,False,False
323696,dodBcDpez8w=,114.022415,22.607817,2016-06-13 12:31:25,1,2199,False,False
323697,dodBcDpez8w=,114.022415,22.607817,2016-06-13 12:31:35,1,2199,False,False
323698,dodBcDpez8w=,114.022415,22.607817,2016-06-13 12:31:55,1,2199,False,False
323699,dodBcDpez8w=,114.022781,22.60825,2016-06-13 12:32:05,1,2199,False,False
323700,dodBcDpez8w=,114.023865,22.608982,2016-06-13 12:32:15,1,2199,False,False
323701,dodBcDpez8w=,114.025185,22.6098,2016-06-13 12:32:25,1,2199,False,False
323702,dodBcDpez8w=,114.026703,22.61075,2016-06-13 12:32:35,1,2199,False,False
323703,dodBcDpez8w=,114.028183,22.611601,2016-06-13 12:32:45,1,2199,False,False
323704,dodBcDpez8w=,114.029068,22.612167000000003,2016-06-13 12:32:55,1,2199,False,False
323705,dodBcDpez8w=,114.028702,22.612167000000003,2016-06-13 12:33:05,1,2199,False,False
323706,dodBcDpez8w=,114.027969,22.612368,2016-06-13 12:33:15,1,2199,False,False
323707,dodBcDpez8w=,114.027214,22.613117000000006,2016-06-13 12:33:25,1,2199,False,False
323708,dodBcDpez8w=,114.026932,22.612984,2016-06-13 12:33:35,1,2199,False,False
323709,dodBcDpez8w=,114.02697,22.612867,2016-06-13 12:33:45,1,2199,False,False
323710,dodBcDpez8w=,114.027069,22.612801,2016-06-13 12:33:55,1,2199,False,False
323711,dodBcDpez8w=,114.027069,22.612801,2016-06-13 12:34:05,0,2199,False,True
7285616,e8yle5aav0A=,113.817451,22.612417,2016-06-13 16:46:55,1,46836,True,False
7285617,e8yle5aav0A=,114.028114,22.612917000000003,2016-06-13 16:47:02,0,46836,False,True
7285647,e8yle5aav0A=,113.813416,22.623966,2016-06-13 16:49:55,1,46842,True,False
7285648,e8yle5aav0A=,114.06662,22.575199,2016-06-13 16:49:56,1,46842,False,False
7285649,e8yle5aav0A=,113.81353,22.62455,2016-06-13 16:50:05,1,46842,False,False
7285650,e8yle5aav0A=,114.067146,22.574368,2016-06-13 16:50:06,1,46842,False,False
7285651,e8yle5aav0A=,114.028267,22.61265,2016-06-13 16:50:09,0,46842,False,True
7285655,e8yle5aav0A=,113.809982,22.626633,2016-06-13 16:50:55,1,46844,True,False
7285656,e8yle5aav0A=,114.027901,22.612932,2016-06-13 16:51:10,0,46844,False,True
10756136,eEfgV+qQ7Q8=,113.809814,22.62685,2016-06-13 10:58:30,1,68764,True,False
10756137,eEfgV+qQ7Q8=,113.809883,22.625816,2016-06-13 10:58:50,1,68764,False,False
10756138,eEfgV+qQ7Q8=,113.807083,22.624149,2016-06-13 10:59:10,1,68764,False,False
10756139,eEfgV+qQ7Q8=,113.807533,22.622066,2016-06-13 10:59:30,1,68764,False,False
10756140,eEfgV+qQ7Q8=,113.809464,22.618717,2016-06-13 10:59:51,1,68764,False,False
10756141,eEfgV+qQ7Q8=,113.811348,22.615351,2016-06-13 11:00:11,1,68764,False,False
10756142,eEfgV+qQ7Q8=,113.813148,22.612133,2016-06-13 11:00:31,1,68764,False,False
10756143,eEfgV+qQ7Q8=,113.815681,22.610117,2016-06-13 11:00:51,1,68764,False,False
10756144,eEfgV+qQ7Q8=,113.818832,22.610649,2016-06-13 11:01:11,1,68764,False,False
10756145,eEfgV+qQ7Q8=,113.821014,22.6129,2016-06-13 11:01:31,1,68764,False,False
10756146,eEfgV+qQ7Q8=,113.824532,22.614616,2016-06-13 11:01:51,1,68764,False,False
10756147,eEfgV+qQ7Q8=,113.828117,22.616301,2016-06-13 11:02:11,1,68764,False,False
10756148,eEfgV+qQ7Q8=,113.84333,22.621651,2016-06-13 11:03:31,1,68764,False,False
10756149,eEfgV+qQ7Q8=,113.851814,22.625317000000006,2016-06-13 11:04:31,1,68764,False,False
10756150,eEfgV+qQ7Q8=,113.855766,22.625601,2016-06-13 11:05:11,1,68764,False,False
10756151,eEfgV+qQ7Q8=,113.878754,22.612949,2016-06-13 11:07:11,1,68764,False,False
10756152,eEfgV+qQ7Q8=,113.897614,22.594534,2016-06-13 11:08:51,1,68764,False,False
10756153,eEfgV+qQ7Q8=,113.901154,22.591232,2016-06-13 11:09:11,1,68764,False,False
10756154,eEfgV+qQ7Q8=,113.904419,22.5877,2016-06-13 11:09:31,1,68764,False,False
10756155,eEfgV+qQ7Q8=,113.90802,22.583817,2016-06-13 11:09:51,1,68764,False,False
10756156,eEfgV+qQ7Q8=,113.911469,22.580133,2016-06-13 11:10:11,1,68764,False,False
10756157,eEfgV+qQ7Q8=,113.914818,22.576483,2016-06-13 11:10:31,1,68764,False,False
10756158,eEfgV+qQ7Q8=,113.917297,22.573816,2016-06-13 11:10:51,1,68764,False,False
10756159,eEfgV+qQ7Q8=,113.919014,22.572416,2016-06-13 11:11:11,1,68764,False,False
10756160,eEfgV+qQ7Q8=,113.920967,22.57095,2016-06-13 11:11:31,1,68764,False,False
10756161,eEfgV+qQ7Q8=,113.921783,22.568916,2016-06-13 11:11:51,1,68764,False,False
10756162,eEfgV+qQ7Q8=,113.924301,22.567217000000007,2016-06-13 11:12:11,1,68764,False,False
10756163,eEfgV+qQ7Q8=,113.925766,22.566267,2016-06-13 11:12:31,1,68764,False,False
10756164,eEfgV+qQ7Q8=,113.925781,22.566233,2016-06-13 11:13:11,1,68764,False,False
10756165,eEfgV+qQ7Q8=,113.925781,22.566233,2016-06-13 11:13:31,1,68764,False,False
10756166,eEfgV+qQ7Q8=,113.925781,22.566233,2016-06-13 11:13:51,1,68764,False,False
10756167,eEfgV+qQ7Q8=,113.925781,22.566233,2016-06-13 11:14:11,1,68764,False,False
10756168,eEfgV+qQ7Q8=,113.92688,22.565268,2016-06-13 11:14:31,1,68764,False,False
10756169,eEfgV+qQ7Q8=,113.929581,22.56525,2016-06-13 11:14:51,1,68764,False,False
10756170,eEfgV+qQ7Q8=,113.93325,22.565233,2016-06-13 11:15:11,1,68764,False,False
10756171,eEfgV+qQ7Q8=,113.936546,22.565599,2016-06-13 11:15:31,1,68764,False,False
10756172,eEfgV+qQ7Q8=,113.940353,22.565582,2016-06-13 11:15:51,1,68764,False,False
10756173,eEfgV+qQ7Q8=,113.944649,22.565367,2016-06-13 11:16:11,1,68764,False,False
10756174,eEfgV+qQ7Q8=,113.948898,22.564966,2016-06-13 11:16:31,1,68764,False,False
10756175,eEfgV+qQ7Q8=,113.953148,22.564383,2016-06-13 11:16:51,1,68764,False,False
10756176,eEfgV+qQ7Q8=,113.957314,22.563683,2016-06-13 11:17:11,1,68764,False,False
10756177,eEfgV+qQ7Q8=,113.96077,22.56325,2016-06-13 11:17:31,1,68764,False,False
10756178,eEfgV+qQ7Q8=,113.964165,22.56435,2016-06-13 11:17:51,1,68764,False,False
10756179,eEfgV+qQ7Q8=,113.966286,22.566917,2016-06-13 11:18:11,1,68764,False,False
10756180,eEfgV+qQ7Q8=,113.966682,22.570633,2016-06-13 11:18:31,1,68764,False,False
10756181,eEfgV+qQ7Q8=,113.966568,22.574083,2016-06-13 11:18:51,1,68764,False,False
10756182,eEfgV+qQ7Q8=,113.966568,22.574083,2016-06-13 11:19:11,1,68764,False,False
10756183,eEfgV+qQ7Q8=,113.967003,22.5807,2016-06-13 11:19:31,1,68764,False,False
10756184,eEfgV+qQ7Q8=,113.968765,22.583767,2016-06-13 11:19:51,1,68764,False,False
10756185,eEfgV+qQ7Q8=,113.971832,22.585733,2016-06-13 11:20:11,1,68764,False,False
10756186,eEfgV+qQ7Q8=,113.975403,22.586218,2016-06-13 11:20:31,1,68764,False,False
10756187,eEfgV+qQ7Q8=,113.978966,22.586201000000006,2016-06-13 11:20:51,1,68764,False,False
10756188,eEfgV+qQ7Q8=,113.982536,22.585983,2016-06-13 11:21:11,1,68764,False,False
10756189,eEfgV+qQ7Q8=,113.985901,22.586451,2016-06-13 11:21:31,1,68764,False,False
10756190,eEfgV+qQ7Q8=,113.987236,22.586582,2016-06-13 11:21:51,1,68764,False,False
10756191,eEfgV+qQ7Q8=,113.988518,22.586718,2016-06-13 11:22:11,1,68764,False,False
10756192,eEfgV+qQ7Q8=,113.99115,22.587267,2016-06-13 11:22:31,1,68764,False,False
10756193,eEfgV+qQ7Q8=,113.99437,22.588499,2016-06-13 11:22:51,1,68764,False,False
10756194,eEfgV+qQ7Q8=,113.997749,22.589899,2016-06-13 11:23:11,1,68764,False,False
10756195,eEfgV+qQ7Q8=,114.001297,22.590834,2016-06-13 11:23:31,1,68764,False,False
10756196,eEfgV+qQ7Q8=,114.004715,22.5907,2016-06-13 11:23:51,1,68764,False,False
10756197,eEfgV+qQ7Q8=,114.00663,22.5902,2016-06-13 11:24:11,1,68764,False,False
10756198,eEfgV+qQ7Q8=,114.008881,22.589968,2016-06-13 11:24:31,1,68764,False,False
10756199,eEfgV+qQ7Q8=,114.010498,22.591232,2016-06-13 11:24:51,1,68764,False,False
10756200,eEfgV+qQ7Q8=,114.010963,22.593834,2016-06-13 11:25:11,1,68764,False,False
10756201,eEfgV+qQ7Q8=,114.011032,22.594767,2016-06-13 11:25:31,1,68764,False,False
10756202,eEfgV+qQ7Q8=,114.011497,22.598734,2016-06-13 11:25:51,1,68764,False,False
10756203,eEfgV+qQ7Q8=,114.011848,22.601566,2016-06-13 11:26:11,1,68764,False,False
10756204,eEfgV+qQ7Q8=,114.01252,22.603832,2016-06-13 11:26:31,1,68764,False,False
10756205,eEfgV+qQ7Q8=,114.012314,22.6024,2016-06-13 11:26:51,1,68764,False,False
10756206,eEfgV+qQ7Q8=,114.009552,22.60305,2016-06-13 11:27:11,1,68764,False,False
10756207,eEfgV+qQ7Q8=,114.010033,22.605232,2016-06-13 11:27:31,1,68764,False,False
10756208,eEfgV+qQ7Q8=,114.01252,22.607367,2016-06-13 11:27:51,1,68764,False,False
10756209,eEfgV+qQ7Q8=,114.014717,22.610233,2016-06-13 11:28:14,1,68764,False,False
10756210,eEfgV+qQ7Q8=,114.018364,22.612749,2016-06-13 11:28:34,1,68764,False,False
10756211,eEfgV+qQ7Q8=,114.022301,22.614401,2016-06-13 11:28:54,1,68764,False,False
10756212,eEfgV+qQ7Q8=,114.025482,22.616217,2016-06-13 11:29:14,1,68764,False,False
10756213,eEfgV+qQ7Q8=,114.026367,22.616568,2016-06-13 11:29:23,1,68764,False,False
10756214,eEfgV+qQ7Q8=,114.02758,22.615049,2016-06-13 11:29:44,1,68764,False,False
10756215,eEfgV+qQ7Q8=,114.02798500000002,22.614317,2016-06-13 11:30:04,1,68764,False,False
10756216,eEfgV+qQ7Q8=,114.027084,22.6134,2016-06-13 11:30:24,1,68764,False,False
10756217,eEfgV+qQ7Q8=,114.027016,22.613367,2016-06-13 11:30:32,0,68764,False,True
12065789,98XT1dREk7A=,113.809799,22.626966,2016-06-13 03:03:10,1,77076,True,False
12065790,98XT1dREk7A=,113.81028,22.626118,2016-06-13 03:03:30,1,77076,False,False
12065791,98XT1dREk7A=,113.808701,22.624783,2016-06-13 03:03:50,1,77076,False,False
12065792,98XT1dREk7A=,113.806816,22.624018,2016-06-13 03:04:10,1,77076,False,False
12065793,98XT1dREk7A=,113.807335,22.62245,2016-06-13 03:04:30,1,77076,False,False
12065794,98XT1dREk7A=,113.808548,22.620417,2016-06-13 03:04:50,1,77076,False,False
12065795,98XT1dREk7A=,113.809898,22.618017,2016-06-13 03:05:10,1,77076,False,False
12065796,98XT1dREk7A=,113.811264,22.615517,2016-06-13 03:05:30,1,77076,False,False
12065797,98XT1dREk7A=,113.812653,22.61305,2016-06-13 03:05:50,1,77076,False,False
12065798,98XT1dREk7A=,113.814331,22.610582,2016-06-13 03:06:10,1,77076,False,False
12065799,98XT1dREk7A=,113.817413,22.609917000000006,2016-06-13 03:06:30,1,77076,False,False
12065800,98XT1dREk7A=,113.819366,22.611601,2016-06-13 03:06:50,1,77076,False,False
12065801,98XT1dREk7A=,113.821831,22.613234,2016-06-13 03:07:10,1,77076,False,False
12065802,98XT1dREk7A=,113.825218,22.614866,2016-06-13 03:07:30,1,77076,False,False
12065803,98XT1dREk7A=,113.828667,22.616484,2016-06-13 03:07:50,1,77076,False,False
12065804,98XT1dREk7A=,113.831779,22.61795,2016-06-13 03:08:10,1,77076,False,False
12065805,98XT1dREk7A=,113.835083,22.619383,2016-06-13 03:08:30,1,77076,False,False
12065806,98XT1dREk7A=,113.839165,22.620518,2016-06-13 03:08:50,1,77076,False,False
12065807,98XT1dREk7A=,113.842918,22.6215,2016-06-13 03:09:10,1,77076,False,False
12065808,98XT1dREk7A=,113.846184,22.622383,2016-06-13 03:09:30,1,77076,False,False
12065809,98XT1dREk7A=,113.848846,22.623684,2016-06-13 03:09:50,1,77076,False,False
12065810,98XT1dREk7A=,113.850784,22.624817,2016-06-13 03:10:07,1,77076,False,False
12065811,98XT1dREk7A=,113.85405,22.626368,2016-06-13 03:10:34,1,77076,False,False
12065812,98XT1dREk7A=,113.853821,22.629,2016-06-13 03:10:54,1,77076,False,False
12065813,98XT1dREk7A=,113.855202,22.631666,2016-06-13 03:11:14,1,77076,False,False
12065814,98XT1dREk7A=,113.857552,22.634417000000006,2016-06-13 03:11:34,1,77076,False,False
12065815,98XT1dREk7A=,113.858551,22.6357,2016-06-13 03:11:44,1,77076,False,False
12065816,98XT1dREk7A=,113.859352,22.637167,2016-06-13 03:12:07,1,77076,False,False
12065817,98XT1dREk7A=,113.860367,22.639982,2016-06-13 03:12:27,1,77076,False,False
12065818,98XT1dREk7A=,113.861168,22.643299,2016-06-13 03:12:47,1,77076,False,False
12065819,98XT1dREk7A=,113.861786,22.646,2016-06-13 03:13:04,1,77076,False,False
12065820,98XT1dREk7A=,113.862885,22.649733,2016-06-13 03:13:27,1,77076,False,False
12065821,98XT1dREk7A=,113.863503,22.65085,2016-06-13 03:13:34,1,77076,False,False
12065822,98XT1dREk7A=,113.86692,22.654318,2016-06-13 03:13:57,1,77076,False,False
12065823,98XT1dREk7A=,113.868568,22.655199,2016-06-13 03:14:05,1,77076,False,False
12065824,98XT1dREk7A=,113.868782,22.655283,2016-06-13 03:14:06,1,77076,False,False
12065825,98XT1dREk7A=,113.873596,22.656401,2016-06-13 03:14:26,1,77076,False,False
12065826,98XT1dREk7A=,113.878098,22.657084,2016-06-13 03:14:46,1,77076,False,False
12065827,98XT1dREk7A=,113.882103,22.657682,2016-06-13 03:15:06,1,77076,False,False
12065828,98XT1dREk7A=,113.886597,22.658382,2016-06-13 03:15:26,1,77076,False,False
12065829,98XT1dREk7A=,113.890831,22.658916,2016-06-13 03:15:46,1,77076,False,False
12065830,98XT1dREk7A=,113.894814,22.659166,2016-06-13 03:16:06,1,77076,False,False
12065831,98XT1dREk7A=,113.898781,22.659166,2016-06-13 03:16:26,1,77076,False,False
12065832,98XT1dREk7A=,113.903297,22.659082,2016-06-13 03:16:46,1,77076,False,False
12065833,98XT1dREk7A=,113.90802,22.658983,2016-06-13 03:17:06,1,77076,False,False
12065834,98XT1dREk7A=,113.912514,22.658899,2016-06-13 03:17:26,1,77076,False,False
12065835,98XT1dREk7A=,113.916916,22.658983,2016-06-13 03:17:46,1,77076,False,False
12065836,98XT1dREk7A=,113.92083,22.66,2016-06-13 03:18:06,1,77076,False,False
12065837,98XT1dREk7A=,113.924484,22.662132,2016-06-13 03:18:26,1,77076,False,False
12065838,98XT1dREk7A=,113.92708600000002,22.664801,2016-06-13 03:18:46,1,77076,False,False
12065839,98XT1dREk7A=,113.929604,22.667534,2016-06-13 03:19:06,1,77076,False,False
12065840,98XT1dREk7A=,113.932419,22.669582,2016-06-13 03:19:25,1,77076,False,False
12065841,98XT1dREk7A=,113.937614,22.671932,2016-06-13 03:19:52,1,77076,False,False
12065842,98XT1dREk7A=,113.941147,22.67375,2016-06-13 03:20:12,1,77076,False,False
12065843,98XT1dREk7A=,113.94413,22.67605,2016-06-13 03:20:32,1,77076,False,False
12065844,98XT1dREk7A=,113.944702,22.676533,2016-06-13 03:20:36,1,77076,False,False
12065845,98XT1dREk7A=,113.94803600000002,22.679167,2016-06-13 03:20:59,1,77076,False,False
12065846,98XT1dREk7A=,113.949165,22.679916,2016-06-13 03:21:06,1,77076,False,False
12065847,98XT1dREk7A=,113.953171,22.682068,2016-06-13 03:21:29,1,77076,False,False
12065848,98XT1dREk7A=,113.954597,22.682684,2016-06-13 03:21:37,1,77076,False,False
12065849,98XT1dREk7A=,113.954597,22.682684,2016-06-13 03:21:37,1,77076,False,False
12065850,98XT1dREk7A=,113.959267,22.684151,2016-06-13 03:22:01,1,77076,False,False
12065851,98XT1dREk7A=,113.960434,22.684467,2016-06-13 03:22:07,1,77076,False,False
12065852,98XT1dREk7A=,113.964752,22.685583,2016-06-13 03:22:30,1,77076,False,False
12065853,98XT1dREk7A=,113.966469,22.68605,2016-06-13 03:22:39,1,77076,False,False
12065854,98XT1dREk7A=,113.970764,22.686916,2016-06-13 03:23:02,1,77076,False,False
12065855,98XT1dREk7A=,113.972099,22.687017,2016-06-13 03:23:09,1,77076,False,False
12065856,98XT1dREk7A=,113.972282,22.687017,2016-06-13 03:23:10,1,77076,False,False
12065857,98XT1dREk7A=,113.976082,22.687134,2016-06-13 03:23:30,1,77076,False,False
12065858,98XT1dREk7A=,113.980331,22.688168,2016-06-13 03:23:50,1,77076,False,False
12065859,98XT1dREk7A=,113.984848,22.689934,2016-06-13 03:24:10,1,77076,False,False
12065860,98XT1dREk7A=,113.989433,22.690983,2016-06-13 03:24:30,1,77076,False,False
12065861,98XT1dREk7A=,113.993835,22.691,2016-06-13 03:24:50,1,77076,False,False
12065862,98XT1dREk7A=,113.997803,22.690184,2016-06-13 03:25:10,1,77076,False,False
12065863,98XT1dREk7A=,114.001366,22.688717,2016-06-13 03:25:30,1,77076,False,False
12065864,98XT1dREk7A=,114.004913,22.687201,2016-06-13 03:25:50,1,77076,False,False
12065865,98XT1dREk7A=,114.008881,22.686518,2016-06-13 03:26:10,1,77076,False,False
12065866,98XT1dREk7A=,114.01313,22.686501,2016-06-13 03:26:30,1,77076,False,False
12065867,98XT1dREk7A=,114.017418,22.686132,2016-06-13 03:26:50,1,77076,False,False
12065868,98XT1dREk7A=,114.021652,22.685232,2016-06-13 03:27:10,1,77076,False,False
12065869,98XT1dREk7A=,114.026283,22.684217,2016-06-13 03:27:31,1,77076,False,False
12065870,98XT1dREk7A=,114.03067,22.683783,2016-06-13 03:27:50,1,77076,False,False
12065871,98XT1dREk7A=,114.035347,22.683867000000006,2016-06-13 03:28:10,1,77076,False,False
12065872,98XT1dREk7A=,114.039833,22.683916,2016-06-13 03:28:30,1,77076,False,False
12065873,98XT1dREk7A=,114.0438,22.683599,2016-06-13 03:28:50,1,77076,False,False
12065874,98XT1dREk7A=,114.046432,22.681816,2016-06-13 03:29:11,1,77076,False,False
12065875,98XT1dREk7A=,114.047485,22.680134,2016-06-13 03:29:30,1,77076,False,False
12065876,98XT1dREk7A=,114.047485,22.680134,2016-06-13 03:29:50,1,77076,False,False
12065877,98XT1dREk7A=,114.047485,22.680134,2016-06-13 03:30:10,1,77076,False,False
12065878,98XT1dREk7A=,114.047485,22.680134,2016-06-13 03:30:31,1,77076,False,False
12065879,98XT1dREk7A=,114.047485,22.680134,2016-06-13 03:30:50,1,77076,False,False
12065880,98XT1dREk7A=,114.047485,22.680134,2016-06-13 03:31:11,1,77076,False,False
12065881,98XT1dREk7A=,114.048149,22.677933,2016-06-13 03:31:30,1,77076,False,False
12065882,98XT1dREk7A=,114.048431,22.674334,2016-06-13 03:31:51,1,77076,False,False
12065883,98XT1dREk7A=,114.04873700000002,22.670082,2016-06-13 03:32:11,1,77076,False,False
12065884,98XT1dREk7A=,114.048981,22.665501000000006,2016-06-13 03:32:31,1,77076,False,False
12065885,98XT1dREk7A=,114.049217,22.661034,2016-06-13 03:32:51,1,77076,False,False
12065886,98XT1dREk7A=,114.049416,22.656866,2016-06-13 03:33:11,1,77076,False,False
12065887,98XT1dREk7A=,114.049614,22.652901,2016-06-13 03:33:31,1,77076,False,False
12065888,98XT1dREk7A=,114.04983500000002,22.648518,2016-06-13 03:33:51,1,77076,False,False
12065889,98XT1dREk7A=,114.049347,22.64435,2016-06-13 03:34:11,1,77076,False,False
12065890,98XT1dREk7A=,114.047813,22.640717,2016-06-13 03:34:31,1,77076,False,False
12065891,98XT1dREk7A=,114.045753,22.637432,2016-06-13 03:34:51,1,77076,False,False
12065892,98XT1dREk7A=,114.043968,22.633801,2016-06-13 03:35:11,1,77076,False,False
12065893,98XT1dREk7A=,114.042953,22.629749,2016-06-13 03:35:31,1,77076,False,False
12065894,98XT1dREk7A=,114.042801,22.6257,2016-06-13 03:35:51,1,77076,False,False
12065895,98XT1dREk7A=,114.043518,22.621468,2016-06-13 03:36:11,1,77076,False,False
12065896,98XT1dREk7A=,114.044418,22.616983,2016-06-13 03:36:31,1,77076,False,False
12065897,98XT1dREk7A=,114.044716,22.612301,2016-06-13 03:36:51,1,77076,False,False
12065898,98XT1dREk7A=,114.044434,22.608299,2016-06-13 03:37:11,1,77076,False,False
12065899,98XT1dREk7A=,114.043854,22.604733,2016-06-13 03:37:31,1,77076,False,False
12065900,98XT1dREk7A=,114.043419,22.601868,2016-06-13 03:37:51,1,77076,False,False
12065901,98XT1dREk7A=,114.0439,22.599733,2016-06-13 03:38:11,1,77076,False,False
12065902,98XT1dREk7A=,114.0439,22.599333,2016-06-13 03:38:31,1,77076,False,False
12065903,98XT1dREk7A=,114.043251,22.599083,2016-06-13 03:38:51,1,77076,False,False
12065904,98XT1dREk7A=,114.042068,22.599182,2016-06-13 03:39:11,1,77076,False,False
12065905,98XT1dREk7A=,114.040482,22.601067,2016-06-13 03:39:31,1,77076,False,False
12065906,98XT1dREk7A=,114.039169,22.602699,2016-06-13 03:39:51,1,77076,False,False
12065907,98XT1dREk7A=,114.039169,22.602699,2016-06-13 03:40:11,1,77076,False,False
12065908,98XT1dREk7A=,114.038933,22.602867,2016-06-13 03:40:31,1,77076,False,False
12065909,98XT1dREk7A=,114.038582,22.603416,2016-06-13 03:40:51,1,77076,False,False
12065910,98XT1dREk7A=,114.038185,22.603767,2016-06-13 03:41:11,1,77076,False,False
12065911,98XT1dREk7A=,114.036934,22.604868,2016-06-13 03:41:31,1,77076,False,False
12065912,98XT1dREk7A=,114.036934,22.604868,2016-06-13 03:41:51,1,77076,False,False
12065913,98XT1dREk7A=,114.036934,22.604868,2016-06-13 03:42:11,1,77076,False,False
12065914,98XT1dREk7A=,114.036934,22.604868,2016-06-13 03:42:31,1,77076,False,False
12065915,98XT1dREk7A=,114.035965,22.605551,2016-06-13 03:42:51,1,77076,False,False
12065916,98XT1dREk7A=,114.0345,22.60675,2016-06-13 03:43:11,1,77076,False,False
12065917,98XT1dREk7A=,114.034431,22.6068,2016-06-13 03:43:21,0,77076,False,True
13612846,mvUf11kyW7s=,113.810051,22.626551,2016-06-13 16:20:11,1,88126,True,False
13612847,mvUf11kyW7s=,113.809952,22.625683,2016-06-13 16:20:26,1,88126,False,False
13612848,mvUf11kyW7s=,113.808617,22.624933,2016-06-13 16:20:41,1,88126,False,False
13612849,mvUf11kyW7s=,113.807251,22.624233,2016-06-13 16:20:56,1,88126,False,False
13612850,mvUf11kyW7s=,113.806702,22.623533,2016-06-13 16:21:11,1,88126,False,False
13612851,mvUf11kyW7s=,113.807602,22.62195,2016-06-13 16:21:26,1,88126,False,False
13612852,mvUf11kyW7s=,113.80867,22.620234,2016-06-13 16:21:41,1,88126,False,False
13612853,mvUf11kyW7s=,113.809853,22.618151,2016-06-13 16:21:56,1,88126,False,False
13612854,mvUf11kyW7s=,113.811081,22.615917,2016-06-13 16:22:11,1,88126,False,False
13612855,mvUf11kyW7s=,113.812401,22.613583,2016-06-13 16:22:26,1,88126,False,False
13612856,mvUf11kyW7s=,113.813454,22.611683,2016-06-13 16:22:41,1,88126,False,False
13612857,mvUf11kyW7s=,113.815048,22.6103,2016-06-13 16:22:56,1,88126,False,False
13612858,mvUf11kyW7s=,113.816597,22.610033,2016-06-13 16:23:11,1,88126,False,False
13612859,mvUf11kyW7s=,113.817932,22.6101,2016-06-13 16:23:26,1,88126,False,False
13612860,mvUf11kyW7s=,113.819115,22.611317,2016-06-13 16:23:41,1,88126,False,False
13612861,mvUf11kyW7s=,113.820366,22.6126,2016-06-13 16:23:56,1,88126,False,False
13612862,mvUf11kyW7s=,113.822685,22.61375,2016-06-13 16:24:11,1,88126,False,False
13612863,mvUf11kyW7s=,113.825516,22.615084,2016-06-13 16:24:26,1,88126,False,False
13612864,mvUf11kyW7s=,113.830368,22.617332,2016-06-13 16:24:56,1,88126,False,False
13612865,mvUf11kyW7s=,113.833382,22.618717,2016-06-13 16:25:11,1,88126,False,False
13612866,mvUf11kyW7s=,113.836929,22.619967000000006,2016-06-13 16:25:26,1,88126,False,False
13612867,mvUf11kyW7s=,113.840446,22.620916,2016-06-13 16:25:41,1,88126,False,False
13612868,mvUf11kyW7s=,113.843513,22.621733,2016-06-13 16:25:56,1,88126,False,False
13612869,mvUf11kyW7s=,113.846581,22.622499,2016-06-13 16:26:11,1,88126,False,False
13612870,mvUf11kyW7s=,113.84877,22.623684,2016-06-13 16:26:26,1,88126,False,False
13612871,mvUf11kyW7s=,113.849899,22.624599,2016-06-13 16:26:41,1,88126,False,False
13612872,mvUf11kyW7s=,113.851601,22.625233,2016-06-13 16:26:56,1,88126,False,False
13612873,mvUf11kyW7s=,113.851685,22.625267,2016-06-13 16:27:11,1,88126,False,False
13612874,mvUf11kyW7s=,113.85171499999998,22.625267,2016-06-13 16:27:26,1,88126,False,False
13612875,mvUf11kyW7s=,113.851952,22.625317000000006,2016-06-13 16:27:41,1,88126,False,False
13612876,mvUf11kyW7s=,113.853371,22.62575,2016-06-13 16:27:56,1,88126,False,False
13612877,mvUf11kyW7s=,113.856033,22.625532,2016-06-13 16:28:11,1,88126,False,False
13612878,mvUf11kyW7s=,113.859169,22.624451,2016-06-13 16:28:26,1,88126,False,False
13612879,mvUf11kyW7s=,113.862648,22.623318,2016-06-13 16:28:41,1,88126,False,False
13612880,mvUf11kyW7s=,113.865913,22.622133,2016-06-13 16:28:56,1,88126,False,False
13612881,mvUf11kyW7s=,113.868767,22.621067,2016-06-13 16:29:11,1,88126,False,False
13612882,mvUf11kyW7s=,113.871231,22.619801,2016-06-13 16:29:26,1,88126,False,False
13612883,mvUf11kyW7s=,113.873917,22.618032,2016-06-13 16:29:41,1,88126,False,False
13612884,mvUf11kyW7s=,113.876717,22.615433,2016-06-13 16:29:56,1,88126,False,False
13612885,mvUf11kyW7s=,113.879166,22.612301,2016-06-13 16:30:11,1,88126,False,False
13612886,mvUf11kyW7s=,113.881317,22.609051,2016-06-13 16:30:26,1,88126,False,False
13612887,mvUf11kyW7s=,113.88308,22.606434,2016-06-13 16:30:41,1,88126,False,False
13612888,mvUf11kyW7s=,113.885017,22.604218,2016-06-13 16:30:57,1,88126,False,False
13612889,mvUf11kyW7s=,113.887184,22.602283,2016-06-13 16:31:12,1,88126,False,False
13612890,mvUf11kyW7s=,113.889633,22.60055,2016-06-13 16:31:27,1,88126,False,False
13612891,mvUf11kyW7s=,113.892181,22.598801,2016-06-13 16:31:42,1,88126,False,False
13612892,mvUf11kyW7s=,113.897652,22.594534,2016-06-13 16:32:12,1,88126,False,False
13612893,mvUf11kyW7s=,113.902832,22.589466,2016-06-13 16:32:42,1,88126,False,False
13612894,mvUf11kyW7s=,113.908066,22.583767,2016-06-13 16:33:12,1,88126,False,False
13612895,mvUf11kyW7s=,113.91082,22.580833,2016-06-13 16:33:27,1,88126,False,False
13612896,mvUf11kyW7s=,113.913269,22.578234,2016-06-13 16:33:42,1,88126,False,False
13612897,mvUf11kyW7s=,113.915604,22.575701,2016-06-13 16:33:57,1,88126,False,False
13612898,mvUf11kyW7s=,113.917152,22.574017,2016-06-13 16:34:12,1,88126,False,False
13612899,mvUf11kyW7s=,113.918266,22.573,2016-06-13 16:34:27,1,88126,False,False
13612900,mvUf11kyW7s=,113.919464,22.571966,2016-06-13 16:34:42,1,88126,False,False
13612901,mvUf11kyW7s=,113.921135,22.570833,2016-06-13 16:34:57,1,88126,False,False
13612902,mvUf11kyW7s=,113.921616,22.569633,2016-06-13 16:35:12,1,88126,False,False
13612903,mvUf11kyW7s=,113.921982,22.568716,2016-06-13 16:35:27,1,88126,False,False
13612904,mvUf11kyW7s=,113.92361499999998,22.56765,2016-06-13 16:35:42,1,88126,False,False
13612905,mvUf11kyW7s=,113.925415,22.56645,2016-06-13 16:35:57,1,88126,False,False
13612906,mvUf11kyW7s=,113.925919,22.565866,2016-06-13 16:36:12,1,88126,False,False
13612907,mvUf11kyW7s=,113.926086,22.565666,2016-06-13 16:36:27,1,88126,False,False
13612908,mvUf11kyW7s=,113.927231,22.565332,2016-06-13 16:36:42,1,88126,False,False
13612909,mvUf11kyW7s=,113.929085,22.5653,2016-06-13 16:36:57,1,88126,False,False
13612910,mvUf11kyW7s=,113.931297,22.564951,2016-06-13 16:37:12,1,88126,False,False
13612911,mvUf11kyW7s=,113.933548,22.565367,2016-06-13 16:37:27,1,88126,False,False
13612912,mvUf11kyW7s=,113.936249,22.565599,2016-06-13 16:37:42,1,88126,False,False
13612913,mvUf11kyW7s=,113.939735,22.565567,2016-06-13 16:37:57,1,88126,False,False
13612914,mvUf11kyW7s=,113.943787,22.565468,2016-06-13 16:38:12,1,88126,False,False
13612915,mvUf11kyW7s=,113.947884,22.565117,2016-06-13 16:38:27,1,88126,False,False
13612916,mvUf11kyW7s=,113.951935,22.56455,2016-06-13 16:38:42,1,88126,False,False
13612917,mvUf11kyW7s=,113.955719,22.563917,2016-06-13 16:38:57,1,88126,False,False
13612918,mvUf11kyW7s=,113.959152,22.563368,2016-06-13 16:39:12,1,88126,False,False
13612919,mvUf11kyW7s=,113.961952,22.5634,2016-06-13 16:39:27,1,88126,False,False
13612920,mvUf11kyW7s=,113.966469,22.567499,2016-06-13 16:39:57,1,88126,False,False
13612921,mvUf11kyW7s=,113.966652,22.570818,2016-06-13 16:40:12,1,88126,False,False
13612922,mvUf11kyW7s=,113.966583,22.573267,2016-06-13 16:40:27,1,88126,False,False
13612923,mvUf11kyW7s=,113.966583,22.573267,2016-06-13 16:40:42,1,88126,False,False
13612924,mvUf11kyW7s=,113.966866,22.580282,2016-06-13 16:40:57,1,88126,False,False
13612925,mvUf11kyW7s=,113.9683,22.5832,2016-06-13 16:41:12,1,88126,False,False
13612926,mvUf11kyW7s=,113.971298,22.585501,2016-06-13 16:41:27,1,88126,False,False
13612927,mvUf11kyW7s=,113.985352,22.586349,2016-06-13 16:42:27,1,88126,False,False
13612928,mvUf11kyW7s=,113.992386,22.5877,2016-06-13 16:43:12,1,88126,False,False
13612929,mvUf11kyW7s=,113.999168,22.590401,2016-06-13 16:43:57,1,88126,False,False
13612930,mvUf11kyW7s=,114.000069,22.590668,2016-06-13 16:44:12,1,88126,False,False
13612931,mvUf11kyW7s=,114.003914,22.590866,2016-06-13 16:44:57,1,88126,False,False
13612932,mvUf11kyW7s=,114.009117,22.590067,2016-06-13 16:45:27,1,88126,False,False
13612933,mvUf11kyW7s=,114.015335,22.590999999999998,2016-06-13 16:45:57,1,88126,False,False
13612934,mvUf11kyW7s=,114.016632,22.59145,2016-06-13 16:46:12,1,88126,False,False
13612935,mvUf11kyW7s=,114.021652,22.592283,2016-06-13 16:46:57,1,88126,False,False
13612936,mvUf11kyW7s=,114.023247,22.593218,2016-06-13 16:47:12,1,88126,False,False
13612937,mvUf11kyW7s=,114.025986,22.5979,2016-06-13 16:47:42,1,88126,False,False
13612938,mvUf11kyW7s=,114.02652,22.600533,2016-06-13 16:47:57,1,88126,False,False
13612939,mvUf11kyW7s=,114.025185,22.602934,2016-06-13 16:48:12,1,88126,False,False
13612940,mvUf11kyW7s=,114.024582,22.603718,2016-06-13 16:48:42,1,88126,False,False
13612941,mvUf11kyW7s=,114.024582,22.603718,2016-06-13 16:49:12,1,88126,False,False
13612942,mvUf11kyW7s=,114.024498,22.603832,2016-06-13 16:49:42,1,88126,False,False
13612943,mvUf11kyW7s=,114.023415,22.605133,2016-06-13 16:49:57,1,88126,False,False
13612944,mvUf11kyW7s=,114.0243,22.609333,2016-06-13 16:50:27,1,88126,False,False
13612945,mvUf11kyW7s=,114.026917,22.61285,2016-06-13 16:51:33,0,88126,False,True
18563803,+owt63W18fk=,113.812103,22.621817,2016-06-13 11:21:53,1,122063,True,False
18563804,+owt63W18fk=,114.025848,22.6103,2016-06-13 11:21:58,0,122063,False,True
21140220,qxonHl7i4XQ=,113.809883,22.626801,2016-06-13 23:36:37,1,157306,True,False
21140221,qxonHl7i4XQ=,113.810066,22.625834,2016-06-13 23:36:52,1,157306,False,False
21140222,qxonHl7i4XQ=,113.80867,22.625017,2016-06-13 23:37:07,1,157306,False,False
21140223,qxonHl7i4XQ=,113.806915,22.62405,2016-06-13 23:37:22,1,157306,False,False
21140224,qxonHl7i4XQ=,113.806931,22.623133,2016-06-13 23:37:37,1,157306,False,False
21140225,qxonHl7i4XQ=,113.807915,22.621367000000006,2016-06-13 23:37:52,1,157306,False,False
21140226,qxonHl7i4XQ=,113.809265,22.619217000000006,2016-06-13 23:38:07,1,157306,False,False
21140227,qxonHl7i4XQ=,113.810532,22.616934,2016-06-13 23:38:22,1,157306,False,False
21140228,qxonHl7i4XQ=,113.811768,22.614683,2016-06-13 23:38:37,1,157306,False,False
21140229,qxonHl7i4XQ=,113.812965,22.612499,2016-06-13 23:38:52,1,157306,False,False
21140230,qxonHl7i4XQ=,113.814201,22.610701,2016-06-13 23:39:07,1,157306,False,False
21140231,qxonHl7i4XQ=,113.816353,22.610018,2016-06-13 23:39:22,1,157306,False,False
21140232,qxonHl7i4XQ=,113.81842,22.61025,2016-06-13 23:39:37,1,157306,False,False
21140233,qxonHl7i4XQ=,113.819679,22.612066,2016-06-13 23:39:52,1,157306,False,False
21140234,qxonHl7i4XQ=,113.821899,22.613317,2016-06-13 23:40:07,1,157306,False,False
21140235,qxonHl7i4XQ=,113.82428,22.614483,2016-06-13 23:40:22,1,157306,False,False
21140236,qxonHl7i4XQ=,113.826736,22.615633,2016-06-13 23:40:37,1,157306,False,False
21140237,qxonHl7i4XQ=,113.829147,22.616783,2016-06-13 23:40:52,1,157306,False,False
21140238,qxonHl7i4XQ=,113.831497,22.617884,2016-06-13 23:41:07,1,157306,False,False
21140239,qxonHl7i4XQ=,113.83398400000002,22.619017000000003,2016-06-13 23:41:22,1,157306,False,False
21140240,qxonHl7i4XQ=,113.836685,22.6199,2016-06-13 23:41:37,1,157306,False,False
21140241,qxonHl7i4XQ=,113.839447,22.620632,2016-06-13 23:41:52,1,157306,False,False
21140242,qxonHl7i4XQ=,113.842232,22.621349,2016-06-13 23:42:07,1,157306,False,False
21140243,qxonHl7i4XQ=,113.844971,22.622084,2016-06-13 23:42:22,1,157306,False,False
21140244,qxonHl7i4XQ=,113.847549,22.62295,2016-06-13 23:42:37,1,157306,False,False
21140245,qxonHl7i4XQ=,113.849632,22.624384,2016-06-13 23:42:52,1,157306,False,False
21140246,qxonHl7i4XQ=,113.851784,22.62545,2016-06-13 23:43:25,1,157306,False,False
21140247,qxonHl7i4XQ=,113.853554,22.62575,2016-06-13 23:43:40,1,157306,False,False
21140248,qxonHl7i4XQ=,113.8563,22.62545,2016-06-13 23:43:55,1,157306,False,False
21140249,qxonHl7i4XQ=,113.859367,22.624399,2016-06-13 23:44:10,1,157306,False,False
21140250,qxonHl7i4XQ=,113.861816,22.623568,2016-06-13 23:44:21,1,157306,False,False
21140251,qxonHl7i4XQ=,113.865913,22.622084,2016-06-13 23:44:40,1,157306,False,False
21140252,qxonHl7i4XQ=,113.869232,22.62075,2016-06-13 23:44:55,1,157306,False,False
21140253,qxonHl7i4XQ=,113.872368,22.618999,2016-06-13 23:45:10,1,157306,False,False
21140254,qxonHl7i4XQ=,113.875282,22.616751,2016-06-13 23:45:25,1,157306,False,False
21140255,qxonHl7i4XQ=,113.877853,22.614017,2016-06-13 23:45:40,1,157306,False,False
21140256,qxonHl7i4XQ=,113.879829,22.611267,2016-06-13 23:45:55,1,157306,False,False
21140257,qxonHl7i4XQ=,113.881882,22.60815,2016-06-13 23:46:10,1,157306,False,False
21140258,qxonHl7i4XQ=,113.884117,22.605133,2016-06-13 23:46:25,1,157306,False,False
21140259,qxonHl7i4XQ=,113.887001,22.60235,2016-06-13 23:46:40,1,157306,False,False
21140260,qxonHl7i4XQ=,113.89023600000002,22.6,2016-06-13 23:46:55,1,157306,False,False
21140261,qxonHl7i4XQ=,113.893379,22.597799,2016-06-13 23:47:10,1,157306,False,False
21140262,qxonHl7i4XQ=,113.896782,22.595167,2016-06-13 23:47:28,1,157306,False,False
21140263,qxonHl7i4XQ=,113.899849,22.592382,2016-06-13 23:47:43,1,157306,False,False
21140264,qxonHl7i4XQ=,113.900948,22.591299,2016-06-13 23:47:49,1,157306,False,False
21140265,qxonHl7i4XQ=,113.903732,22.588383,2016-06-13 23:48:05,1,157306,False,False
21140266,qxonHl7i4XQ=,113.906219,22.585716,2016-06-13 23:48:20,1,157306,False,False
21140267,qxonHl7i4XQ=,113.908867,22.582867,2016-06-13 23:48:35,1,157306,False,False
21140268,qxonHl7i4XQ=,113.911469,22.580084,2016-06-13 23:48:50,1,157306,False,False
21140269,qxonHl7i4XQ=,113.913986,22.577368,2016-06-13 23:49:05,1,157306,False,False
21140270,qxonHl7i4XQ=,113.916199,22.574984,2016-06-13 23:49:20,1,157306,False,False
21140271,qxonHl7i4XQ=,113.917816,22.57325,2016-06-13 23:49:35,1,157306,False,False
21140272,qxonHl7i4XQ=,113.91936499999998,22.571817000000006,2016-06-13 23:49:50,1,157306,False,False
21140273,qxonHl7i4XQ=,113.921318,22.570601,2016-06-13 23:50:05,1,157306,False,False
21140274,qxonHl7i4XQ=,113.921616,22.569134,2016-06-13 23:50:20,1,157306,False,False
21140275,qxonHl7i4XQ=,113.923302,22.567766,2016-06-13 23:50:35,1,157306,False,False
21140276,qxonHl7i4XQ=,113.925186,22.566566,2016-06-13 23:50:50,1,157306,False,False
21140277,qxonHl7i4XQ=,113.925835,22.565832,2016-06-13 23:51:05,1,157306,False,False
21140278,qxonHl7i4XQ=,113.925835,22.565832,2016-06-13 23:51:20,1,157306,False,False
21140279,qxonHl7i4XQ=,113.926216,22.565517,2016-06-13 23:51:35,1,157306,False,False
21140280,qxonHl7i4XQ=,113.92741399999998,22.564466,2016-06-13 23:51:50,1,157306,False,False
21140281,qxonHl7i4XQ=,113.928818,22.564133,2016-06-13 23:52:05,1,157306,False,False
21140282,qxonHl7i4XQ=,113.929031,22.56245,2016-06-13 23:52:20,1,157306,False,False
21140283,qxonHl7i4XQ=,113.9291,22.559784,2016-06-13 23:52:35,1,157306,False,False
21140284,qxonHl7i4XQ=,113.928802,22.557068,2016-06-13 23:52:50,1,157306,False,False
21140285,qxonHl7i4XQ=,113.928581,22.5546,2016-06-13 23:53:05,1,157306,False,False
21140286,qxonHl7i4XQ=,113.92865,22.552217,2016-06-13 23:53:20,1,157306,False,False
21140287,qxonHl7i4XQ=,113.92868,22.549917,2016-06-13 23:53:35,1,157306,False,False
21140288,qxonHl7i4XQ=,113.928047,22.547783,2016-06-13 23:53:50,1,157306,False,False
21140289,qxonHl7i4XQ=,113.927101,22.54565,2016-06-13 23:54:05,1,157306,False,False
21140290,qxonHl7i4XQ=,113.926918,22.543318,2016-06-13 23:54:20,1,157306,False,False
21140291,qxonHl7i4XQ=,113.92672,22.541718,2016-06-13 23:54:35,1,157306,False,False
21140292,qxonHl7i4XQ=,113.926018,22.542433,2016-06-13 23:54:50,1,157306,False,False
21140293,qxonHl7i4XQ=,113.927902,22.542534,2016-06-13 23:55:05,1,157306,False,False
21140294,qxonHl7i4XQ=,113.93058,22.542433,2016-06-13 23:55:20,1,157306,False,False
21140295,qxonHl7i4XQ=,113.933548,22.542418,2016-06-13 23:55:35,1,157306,False,False
21140296,qxonHl7i4XQ=,113.936501,22.542566,2016-06-13 23:55:50,1,157306,False,False
21140297,qxonHl7i4XQ=,113.939552,22.5427,2016-06-13 23:56:05,1,157306,False,False
21140298,qxonHl7i4XQ=,113.942535,22.542833,2016-06-13 23:56:20,1,157306,False,False
21140299,qxonHl7i4XQ=,113.945534,22.54295,2016-06-13 23:56:35,1,157306,False,False
21140300,qxonHl7i4XQ=,113.947968,22.543016,2016-06-13 23:56:50,1,157306,False,False
21140301,qxonHl7i4XQ=,113.948799,22.543051,2016-06-13 23:57:05,1,157306,False,False
21140302,qxonHl7i4XQ=,113.948799,22.543051,2016-06-13 23:57:20,1,157306,False,False
21140303,qxonHl7i4XQ=,113.949631,22.543083,2016-06-13 23:57:35,1,157306,False,False
21140304,qxonHl7i4XQ=,113.951752,22.543133,2016-06-13 23:57:50,1,157306,False,False
21140305,qxonHl7i4XQ=,113.953781,22.543217,2016-06-13 23:58:05,1,157306,False,False
21140306,qxonHl7i4XQ=,113.956299,22.543266,2016-06-13 23:58:20,1,157306,False,False
21140307,qxonHl7i4XQ=,113.958801,22.543301,2016-06-13 23:58:35,1,157306,False,False
21140308,qxonHl7i4XQ=,113.959335,22.543266,2016-06-13 23:58:50,1,157306,False,False
21140309,qxonHl7i4XQ=,113.959618,22.543249,2016-06-13 23:59:05,1,157306,False,False
21140310,qxonHl7i4XQ=,113.959885,22.543667000000006,2016-06-13 23:59:20,1,157306,False,False
21140311,qxonHl7i4XQ=,113.960251,22.54575,2016-06-13 23:59:35,1,157306,False,False
21140312,qxonHl7i4XQ=,113.960518,22.547068,2016-06-13 23:59:50,1,157306,False,False
21140313,+ZC+RBeM/Og=,114.027214,22.60615,2016-06-13 00:07:09,1,157306,True,False
21140314,+ZC+RBeM/Og=,114.027214,22.60615,2016-06-13 00:07:24,1,157306,False,False
21140315,+ZC+RBeM/Og=,114.027214,22.60615,2016-06-13 00:07:39,1,157306,False,False
21140316,+ZC+RBeM/Og=,114.027214,22.60615,2016-06-13 00:07:54,1,157306,False,False
21140317,+ZC+RBeM/Og=,114.027214,22.60615,2016-06-13 00:08:09,1,157306,False,False
21140318,+ZC+RBeM/Og=,114.027214,22.60615,2016-06-13 00:08:24,1,157306,False,False
21140319,+ZC+RBeM/Og=,114.027214,22.60615,2016-06-13 00:08:39,1,157306,False,False
21140320,+ZC+RBeM/Og=,114.027214,22.60615,2016-06-13 00:08:54,1,157306,False,False
21140321,+ZC+RBeM/Og=,114.027214,22.60615,2016-06-13 00:09:09,1,157306,False,False
21140322,+ZC+RBeM/Og=,114.027214,22.60615,2016-06-13 00:09:24,1,157306,False,False
21140323,+ZC+RBeM/Og=,114.027214,22.60615,2016-06-13 00:09:39,1,157306,False,False
21140324,+ZC+RBeM/Og=,114.027214,22.60615,2016-06-13 00:09:54,1,157306,False,False
21140325,+ZC+RBeM/Og=,114.027214,22.60615,2016-06-13 00:10:10,1,157306,False,False
21140326,+ZC+RBeM/Og=,114.027214,22.60615,2016-06-13 00:10:25,1,157306,False,False
21140327,+ZC+RBeM/Og=,114.027214,22.60615,2016-06-13 00:10:40,1,157306,False,False
21140328,+ZC+RBeM/Og=,114.027214,22.60615,2016-06-13 00:10:55,1,157306,False,False
21140329,+ZC+RBeM/Og=,114.027214,22.60615,2016-06-13 00:11:10,1,157306,False,False
21140330,+ZC+RBeM/Og=,114.027214,22.60615,2016-06-13 00:11:25,1,157306,False,False
21140331,+ZC+RBeM/Og=,114.027214,22.60615,2016-06-13 00:11:40,1,157306,False,False
21140332,+ZC+RBeM/Og=,114.027214,22.60615,2016-06-13 00:11:55,1,157306,False,False
21140333,+ZC+RBeM/Og=,114.027214,22.60615,2016-06-13 00:12:10,1,157306,False,False
21140334,+ZC+RBeM/Og=,114.027229,22.606133,2016-06-13 00:12:28,1,157306,False,False
21140335,+ZC+RBeM/Og=,114.027229,22.606133,2016-06-13 00:12:43,1,157306,False,False
21140336,+ZC+RBeM/Og=,114.027229,22.606133,2016-06-13 00:12:47,1,157306,False,False
21140337,+ZC+RBeM/Og=,114.027229,22.606133,2016-06-13 00:12:49,1,157306,False,False
21140338,+ZC+RBeM/Og=,114.027229,22.606133,2016-06-13 00:13:06,1,157306,False,False
21140339,+ZC+RBeM/Og=,114.027229,22.606133,2016-06-13 00:13:21,1,157306,False,False
21140340,+ZC+RBeM/Og=,114.027229,22.606133,2016-06-13 00:13:36,1,157306,False,False
21140341,+ZC+RBeM/Og=,114.027229,22.606133,2016-06-13 00:13:52,1,157306,False,False
21140342,+ZC+RBeM/Og=,114.027229,22.606133,2016-06-13 00:14:07,1,157306,False,False
21140343,+ZC+RBeM/Og=,114.027229,22.606133,2016-06-13 00:14:22,1,157306,False,False
21140344,+ZC+RBeM/Og=,114.027229,22.606133,2016-06-13 00:14:37,1,157306,False,False
21140345,+ZC+RBeM/Og=,114.027229,22.606133,2016-06-13 00:14:52,1,157306,False,False
21140346,+ZC+RBeM/Og=,114.027229,22.606133,2016-06-13 00:15:07,1,157306,False,False
21140347,+ZC+RBeM/Og=,114.027229,22.606133,2016-06-13 00:15:22,1,157306,False,False
21140348,+ZC+RBeM/Og=,114.027229,22.606133,2016-06-13 00:15:37,1,157306,False,False
21140349,+ZC+RBeM/Og=,114.027229,22.606133,2016-06-13 00:15:52,1,157306,False,False
21140350,+ZC+RBeM/Og=,114.027229,22.606133,2016-06-13 00:16:07,1,157306,False,False
21140351,+ZC+RBeM/Og=,114.028702,22.606533,2016-06-13 00:16:22,1,157306,False,False
21140352,+ZC+RBeM/Og=,114.029381,22.607067,2016-06-13 00:16:37,1,157306,False,False
21140353,+ZC+RBeM/Og=,114.029381,22.607067,2016-06-13 00:16:52,1,157306,False,False
21140354,+ZC+RBeM/Og=,114.029381,22.607067,2016-06-13 00:17:07,1,157306,False,False
21140355,+ZC+RBeM/Og=,114.029381,22.607067,2016-06-13 00:17:22,1,157306,False,False
21140356,+ZC+RBeM/Og=,114.0298,22.607401,2016-06-13 00:17:37,1,157306,False,False
21140357,+ZC+RBeM/Og=,114.030952,22.608351000000006,2016-06-13 00:17:52,1,157306,False,False
21140358,+ZC+RBeM/Og=,114.032265,22.608351000000006,2016-06-13 00:18:07,1,157306,False,False
21140359,+ZC+RBeM/Og=,114.033485,22.607367,2016-06-13 00:18:22,1,157306,False,False
21140360,+ZC+RBeM/Og=,114.033997,22.60685,2016-06-13 00:18:37,1,157306,False,False
21140361,+ZC+RBeM/Og=,114.03418,22.606632,2016-06-13 00:18:52,1,157306,False,False
21140362,+ZC+RBeM/Og=,114.03418,22.606632,2016-06-13 00:18:53,0,157306,False,True
21827149,I1wvSwYaEvI=,113.809937,22.626766,2016-06-13 07:43:28,1,161621,True,False
21827150,I1wvSwYaEvI=,113.809898,22.625668,2016-06-13 07:43:43,1,161621,False,False
21827151,I1wvSwYaEvI=,113.807465,22.62435,2016-06-13 07:43:58,1,161621,False,False
21827152,I1wvSwYaEvI=,113.806915,22.623167,2016-06-13 07:44:13,1,161621,False,False
21827153,I1wvSwYaEvI=,113.807999,22.621201,2016-06-13 07:44:28,1,161621,False,False
21827154,I1wvSwYaEvI=,113.80923500000002,22.61915,2016-06-13 07:44:43,1,161621,False,False
21827155,I1wvSwYaEvI=,113.81012,22.617567,2016-06-13 07:44:58,1,161621,False,False
21827156,I1wvSwYaEvI=,113.811447,22.615133,2016-06-13 07:45:13,1,161621,False,False
21827157,I1wvSwYaEvI=,113.812836,22.61265,2016-06-13 07:45:28,1,161621,False,False
21827158,I1wvSwYaEvI=,113.814369,22.6106,2016-06-13 07:45:43,1,161621,False,False
21827159,I1wvSwYaEvI=,113.816818,22.610001,2016-06-13 07:45:58,1,161621,False,False
21827160,I1wvSwYaEvI=,113.818787,22.6106,2016-06-13 07:46:13,1,161621,False,False
21827161,I1wvSwYaEvI=,113.819786,22.6122,2016-06-13 07:46:28,1,161621,False,False
21827162,I1wvSwYaEvI=,113.821815,22.613317,2016-06-13 07:46:43,1,161621,False,False
21827163,I1wvSwYaEvI=,113.82428,22.614483,2016-06-13 07:46:58,1,161621,False,False
21827164,I1wvSwYaEvI=,113.826653,22.615601,2016-06-13 07:47:13,1,161621,False,False
21827165,I1wvSwYaEvI=,113.829315,22.61685,2016-06-13 07:47:28,1,161621,False,False
21827166,I1wvSwYaEvI=,113.832069,22.618134,2016-06-13 07:47:43,1,161621,False,False
21827167,I1wvSwYaEvI=,113.835098,22.61945,2016-06-13 07:47:58,1,161621,False,False
21827168,I1wvSwYaEvI=,113.838181,22.6203,2016-06-13 07:48:13,1,161621,False,False
21827169,I1wvSwYaEvI=,113.841103,22.621067,2016-06-13 07:48:28,1,161621,False,False
21827170,I1wvSwYaEvI=,113.843849,22.621782,2016-06-13 07:48:43,1,161621,False,False
21827171,I1wvSwYaEvI=,113.846535,22.622499,2016-06-13 07:48:58,1,161621,False,False
21827172,I1wvSwYaEvI=,113.848686,22.623568,2016-06-13 07:49:13,1,161621,False,False
21827173,I1wvSwYaEvI=,113.84977,22.624399,2016-06-13 07:49:28,1,161621,False,False
21827174,I1wvSwYaEvI=,113.850929,22.624866,2016-06-13 07:49:43,1,161621,False,False
21827175,I1wvSwYaEvI=,113.853317,22.625383,2016-06-13 07:49:58,1,161621,False,False
21827176,I1wvSwYaEvI=,113.854233,22.627518,2016-06-13 07:50:13,1,161621,False,False
21827177,I1wvSwYaEvI=,113.853851,22.629784,2016-06-13 07:50:28,1,161621,False,False
21827178,I1wvSwYaEvI=,113.85498,22.631416,2016-06-13 07:50:43,1,161621,False,False
21827179,I1wvSwYaEvI=,113.85627,22.632917000000006,2016-06-13 07:50:58,1,161621,False,False
21827180,I1wvSwYaEvI=,113.857483,22.634367,2016-06-13 07:51:13,1,161621,False,False
21827181,I1wvSwYaEvI=,113.85833,22.635483,2016-06-13 07:51:28,1,161621,False,False
21827182,I1wvSwYaEvI=,113.858818,22.636032,2016-06-13 07:51:38,1,161621,False,False
21827183,I1wvSwYaEvI=,113.859184,22.636801,2016-06-13 07:52:01,1,161621,False,False
21827184,I1wvSwYaEvI=,113.860046,22.639099,2016-06-13 07:52:16,1,161621,False,False
21827185,I1wvSwYaEvI=,113.86087,22.641983,2016-06-13 07:52:31,1,161621,False,False
21827186,I1wvSwYaEvI=,113.861618,22.645283,2016-06-13 07:52:46,1,161621,False,False
21827187,I1wvSwYaEvI=,113.862221,22.647932,2016-06-13 07:52:59,1,161621,False,False
21827188,I1wvSwYaEvI=,113.862381,22.6485,2016-06-13 07:53:02,1,161621,False,False
21827189,I1wvSwYaEvI=,113.86368600000002,22.651117000000006,2016-06-13 07:53:17,1,161621,False,False
21827190,I1wvSwYaEvI=,113.865936,22.653601,2016-06-13 07:53:32,1,161621,False,False
21827191,I1wvSwYaEvI=,113.868752,22.655283,2016-06-13 07:53:47,1,161621,False,False
21827192,I1wvSwYaEvI=,113.872101,22.656151,2016-06-13 07:54:02,1,161621,False,False
21827193,I1wvSwYaEvI=,113.87603,22.656733,2016-06-13 07:54:17,1,161621,False,False
21827194,I1wvSwYaEvI=,113.879585,22.657284,2016-06-13 07:54:32,1,161621,False,False
21827195,I1wvSwYaEvI=,113.883102,22.657833,2016-06-13 07:54:47,1,161621,False,False
21827196,I1wvSwYaEvI=,113.886566,22.658382,2016-06-13 07:55:02,1,161621,False,False
21827197,I1wvSwYaEvI=,113.890266,22.658733,2016-06-13 07:55:17,1,161621,False,False
21827198,I1wvSwYaEvI=,113.89391299999998,22.658051,2016-06-13 07:55:32,1,161621,False,False
21827199,I1wvSwYaEvI=,113.896782,22.656166,2016-06-13 07:55:47,1,161621,False,False
21827200,I1wvSwYaEvI=,113.899399,22.654467,2016-06-13 07:56:02,1,161621,False,False
21827201,I1wvSwYaEvI=,113.904236,22.650217,2016-06-13 07:56:32,1,161621,False,False
21827202,I1wvSwYaEvI=,113.905685,22.646482,2016-06-13 07:56:50,1,161621,False,False
21827203,I1wvSwYaEvI=,113.90638,22.643183,2016-06-13 07:57:05,1,161621,False,False
21827204,I1wvSwYaEvI=,113.907082,22.639799,2016-06-13 07:57:20,1,161621,False,False
21827205,I1wvSwYaEvI=,113.907982,22.636232,2016-06-13 07:57:35,1,161621,False,False
21827206,I1wvSwYaEvI=,113.908897,22.633966,2016-06-13 07:57:45,1,161621,False,False
21827207,I1wvSwYaEvI=,113.90951499999998,22.6327,2016-06-13 07:57:51,1,161621,False,False
21827208,I1wvSwYaEvI=,113.909851,22.632099,2016-06-13 07:57:54,1,161621,False,False
21827209,I1wvSwYaEvI=,113.912064,22.628901000000006,2016-06-13 07:58:10,1,161621,False,False
21827210,I1wvSwYaEvI=,113.914314,22.6262,2016-06-13 07:58:25,1,161621,False,False
21827211,I1wvSwYaEvI=,113.91666399999998,22.6234,2016-06-13 07:58:40,1,161621,False,False
21827212,I1wvSwYaEvI=,113.919067,22.62055,2016-06-13 07:58:55,1,161621,False,False
21827213,I1wvSwYaEvI=,113.921516,22.617582,2016-06-13 07:59:10,1,161621,False,False
21827214,I1wvSwYaEvI=,113.924118,22.614433,2016-06-13 07:59:25,1,161621,False,False
21827215,I1wvSwYaEvI=,113.926247,22.611233,2016-06-13 07:59:40,1,161621,False,False
21827216,I1wvSwYaEvI=,113.927299,22.608067,2016-06-13 07:59:55,1,161621,False,False
21827217,I1wvSwYaEvI=,113.927521,22.605118,2016-06-13 08:00:10,1,161621,False,False
21827218,I1wvSwYaEvI=,113.92672,22.602783,2016-06-13 08:00:25,1,161621,False,False
21827219,I1wvSwYaEvI=,113.926651,22.60235,2016-06-13 08:00:40,1,161621,False,False
21827220,I1wvSwYaEvI=,113.926651,22.60235,2016-06-13 08:00:55,1,161621,False,False
21827221,I1wvSwYaEvI=,113.926682,22.600283,2016-06-13 08:01:10,1,161621,False,False
21827222,I1wvSwYaEvI=,113.926399,22.597616,2016-06-13 08:01:25,1,161621,False,False
21827223,I1wvSwYaEvI=,113.926132,22.595583,2016-06-13 08:01:40,1,161621,False,False
21827224,I1wvSwYaEvI=,113.926132,22.595583,2016-06-13 08:01:56,1,161621,False,False
21827225,I1wvSwYaEvI=,113.925049,22.588066,2016-06-13 08:02:10,1,161621,False,False
21827226,I1wvSwYaEvI=,113.924919,22.584566,2016-06-13 08:02:25,1,161621,False,False
21827227,I1wvSwYaEvI=,113.924965,22.581133,2016-06-13 08:02:40,1,161621,False,False
21827228,I1wvSwYaEvI=,113.925034,22.578016,2016-06-13 08:02:55,1,161621,False,False
21827229,I1wvSwYaEvI=,113.925034,22.578016,2016-06-13 08:02:56,1,161621,False,False
21827230,I1wvSwYaEvI=,113.928284,22.572832,2016-06-13 08:03:25,1,161621,False,False
21827231,I1wvSwYaEvI=,113.92997,22.570417000000006,2016-06-13 08:03:40,1,161621,False,False
21827232,I1wvSwYaEvI=,113.931213,22.567699,2016-06-13 08:03:55,1,161621,False,False
21827233,I1wvSwYaEvI=,113.93322,22.565884,2016-06-13 08:04:10,1,161621,False,False
21827234,I1wvSwYaEvI=,113.936119,22.565582,2016-06-13 08:04:25,1,161621,False,False
21827235,I1wvSwYaEvI=,113.939102,22.565567,2016-06-13 08:04:40,1,161621,False,False
21827236,I1wvSwYaEvI=,113.94252,22.56555,2016-06-13 08:04:55,1,161621,False,False
21827237,I1wvSwYaEvI=,113.94593,22.565283,2016-06-13 08:05:10,1,161621,False,False
21827238,I1wvSwYaEvI=,113.949318,22.564934,2016-06-13 08:05:25,1,161621,False,False
21827239,I1wvSwYaEvI=,113.952652,22.564449,2016-06-13 08:05:40,1,161621,False,False
21827240,I1wvSwYaEvI=,113.955933,22.5639,2016-06-13 08:05:55,1,161621,False,False
21827241,I1wvSwYaEvI=,113.959236,22.563351,2016-06-13 08:06:10,1,161621,False,False
21827242,I1wvSwYaEvI=,113.962402,22.563467000000006,2016-06-13 08:06:25,1,161621,False,False
21827243,I1wvSwYaEvI=,113.965202,22.565233,2016-06-13 08:06:41,1,161621,False,False
21827244,I1wvSwYaEvI=,113.966583,22.567867,2016-06-13 08:06:56,1,161621,False,False
21827245,I1wvSwYaEvI=,113.966682,22.570883,2016-06-13 08:07:11,1,161621,False,False
21827246,I1wvSwYaEvI=,113.966614,22.573532,2016-06-13 08:07:28,1,161621,False,False
21827247,I1wvSwYaEvI=,113.966614,22.573532,2016-06-13 08:07:43,1,161621,False,False
21827248,I1wvSwYaEvI=,113.966835,22.580067,2016-06-13 08:07:58,1,161621,False,False
21827249,I1wvSwYaEvI=,113.967979,22.582767,2016-06-13 08:08:13,1,161621,False,False
21827250,I1wvSwYaEvI=,113.9702,22.584917,2016-06-13 08:08:28,1,161621,False,False
21827251,I1wvSwYaEvI=,113.973099,22.586033,2016-06-13 08:08:43,1,161621,False,False
21827252,I1wvSwYaEvI=,113.97625,22.586166,2016-06-13 08:08:58,1,161621,False,False
21827253,I1wvSwYaEvI=,113.979431,22.586132,2016-06-13 08:09:13,1,161621,False,False
21827254,I1wvSwYaEvI=,113.98278,22.585966,2016-06-13 08:09:28,1,161621,False,False
21827255,I1wvSwYaEvI=,113.98597,22.586416,2016-06-13 08:09:43,1,161621,False,False
21827256,I1wvSwYaEvI=,113.98893,22.586733,2016-06-13 08:09:58,1,161621,False,False
21827257,I1wvSwYaEvI=,113.990829,22.587168,2016-06-13 08:10:13,1,161621,False,False
21827258,I1wvSwYaEvI=,113.992966,22.587883,2016-06-13 08:10:28,1,161621,False,False
21827259,I1wvSwYaEvI=,113.995216,22.588833,2016-06-13 08:10:43,1,161621,False,False
21827260,I1wvSwYaEvI=,113.997353,22.58975,2016-06-13 08:10:58,1,161621,False,False
21827261,I1wvSwYaEvI=,114.000168,22.590668,2016-06-13 08:11:13,1,161621,False,False
21827262,I1wvSwYaEvI=,114.003052,22.5909,2016-06-13 08:11:28,1,161621,False,False
21827263,I1wvSwYaEvI=,114.006317,22.5905,2016-06-13 08:11:50,1,161621,False,False
21827264,I1wvSwYaEvI=,114.007416,22.590317,2016-06-13 08:11:56,1,161621,False,False
21827265,I1wvSwYaEvI=,114.010452,22.59,2016-06-13 08:12:12,1,161621,False,False
21827266,I1wvSwYaEvI=,114.013229,22.590401,2016-06-13 08:12:27,1,161621,False,False
21827267,I1wvSwYaEvI=,114.016029,22.591267,2016-06-13 08:12:42,1,161621,False,False
21827268,I1wvSwYaEvI=,114.018616,22.592133,2016-06-13 08:12:57,1,161621,False,False
21827269,I1wvSwYaEvI=,114.02071399999998,22.592684,2016-06-13 08:13:12,1,161621,False,False
21827270,I1wvSwYaEvI=,114.022583,22.592216,2016-06-13 08:13:27,1,161621,False,False
21827271,I1wvSwYaEvI=,114.023453,22.59445,2016-06-13 08:13:42,1,161621,False,False
21827272,I1wvSwYaEvI=,114.024765,22.596867,2016-06-13 08:13:57,1,161621,False,False
21827273,I1wvSwYaEvI=,114.026451,22.598633,2016-06-13 08:14:12,1,161621,False,False
21827274,I1wvSwYaEvI=,114.026367,22.600933,2016-06-13 08:14:27,1,161621,False,False
21827275,I1wvSwYaEvI=,114.025314,22.602833,2016-06-13 08:14:42,1,161621,False,False
21827276,I1wvSwYaEvI=,114.024818,22.60355,2016-06-13 08:14:57,1,161621,False,False
21827277,I1wvSwYaEvI=,114.024818,22.60355,2016-06-13 08:15:12,1,161621,False,False
21827278,I1wvSwYaEvI=,114.024818,22.60355,2016-06-13 08:15:27,1,161621,False,False
21827279,I1wvSwYaEvI=,114.024818,22.60355,2016-06-13 08:15:42,1,161621,False,False
21827280,I1wvSwYaEvI=,114.02462,22.603767,2016-06-13 08:15:57,1,161621,False,False
21827281,I1wvSwYaEvI=,114.02375,22.604733,2016-06-13 08:16:12,1,161621,False,False
21827282,I1wvSwYaEvI=,114.022285,22.606417,2016-06-13 08:16:27,1,161621,False,False
21827283,I1wvSwYaEvI=,114.023018,22.608667,2016-06-13 08:16:42,1,161621,False,False
21827284,I1wvSwYaEvI=,114.025887,22.61025,2016-06-13 08:16:57,1,161621,False,False
21827285,I1wvSwYaEvI=,114.02843500000002,22.611782,2016-06-13 08:17:12,1,161621,False,False
21827286,I1wvSwYaEvI=,114.028954,22.612118,2016-06-13 08:17:27,1,161621,False,False
21827287,I1wvSwYaEvI=,114.028519,22.612066,2016-06-13 08:17:42,1,161621,False,False
21827288,I1wvSwYaEvI=,114.027817,22.6127,2016-06-13 08:17:57,1,161621,False,False
21827289,I1wvSwYaEvI=,114.027084,22.613016,2016-06-13 08:18:12,1,161621,False,False
21827290,I1wvSwYaEvI=,114.027031,22.612967,2016-06-13 08:18:25,0,161621,False,True
22234105,5X8Hfo1pdmk=,113.80687,22.623034,2016-06-13 11:08:27,1,164730,True,False
22234106,5X8Hfo1pdmk=,113.807747,22.621668,2016-06-13 11:08:41,1,164730,False,False
22234107,5X8Hfo1pdmk=,113.808502,22.620399,2016-06-13 11:08:54,1,164730,False,False
22234108,5X8Hfo1pdmk=,113.809364,22.619017000000003,2016-06-13 11:09:07,1,164730,False,False
22234109,5X8Hfo1pdmk=,113.810219,22.617434,2016-06-13 11:09:20,1,164730,False,False
22234110,5X8Hfo1pdmk=,113.811066,22.61585,2016-06-13 11:09:32,1,164730,False,False
22234111,5X8Hfo1pdmk=,113.812103,22.613916,2016-06-13 11:09:46,1,164730,False,False
22234112,5X8Hfo1pdmk=,113.813164,22.612049,2016-06-13 11:09:59,1,164730,False,False
22234113,5X8Hfo1pdmk=,113.81427,22.610649,2016-06-13 11:10:12,1,164730,False,False
22234114,5X8Hfo1pdmk=,113.816216,22.610067,2016-06-13 11:10:25,1,164730,False,False
22234115,5X8Hfo1pdmk=,113.818016,22.610083,2016-06-13 11:10:37,1,164730,False,False
22234116,5X8Hfo1pdmk=,113.819252,22.611517000000006,2016-06-13 11:10:51,1,164730,False,False
22234117,5X8Hfo1pdmk=,113.820564,22.612667,2016-06-13 11:11:04,1,164730,False,False
22234118,5X8Hfo1pdmk=,113.822731,22.613716,2016-06-13 11:11:17,1,164730,False,False
22234119,5X8Hfo1pdmk=,113.824669,22.614634,2016-06-13 11:11:30,1,164730,False,False
22234120,5X8Hfo1pdmk=,113.826599,22.615566,2016-06-13 11:11:42,1,164730,False,False
22234121,5X8Hfo1pdmk=,113.828918,22.616682,2016-06-13 11:11:56,1,164730,False,False
22234122,5X8Hfo1pdmk=,113.831116,22.617718,2016-06-13 11:12:09,1,164730,False,False
22234123,5X8Hfo1pdmk=,113.844353,22.621883,2016-06-13 11:13:26,1,164730,False,False
22234124,5X8Hfo1pdmk=,113.845001,22.622049,2016-06-13 11:13:31,1,164730,False,False
22234125,5X8Hfo1pdmk=,113.848297,22.62335,2016-06-13 11:13:54,1,164730,False,False
22234126,5X8Hfo1pdmk=,113.848503,22.623484,2016-06-13 11:13:57,1,164730,False,False
22234127,5X8Hfo1pdmk=,113.85025,22.624701,2016-06-13 11:14:23,1,164730,False,False
22234128,5X8Hfo1pdmk=,113.851784,22.624901,2016-06-13 11:14:36,1,164730,False,False
22234129,5X8Hfo1pdmk=,113.853333,22.625317000000006,2016-06-13 11:14:49,1,164730,False,False
22234130,5X8Hfo1pdmk=,113.854301,22.626932,2016-06-13 11:15:02,1,164730,False,False
22234131,5X8Hfo1pdmk=,113.853951,22.628468,2016-06-13 11:15:15,1,164730,False,False
22234132,5X8Hfo1pdmk=,113.853951,22.630117,2016-06-13 11:15:28,1,164730,False,False
22234133,5X8Hfo1pdmk=,113.854797,22.631216,2016-06-13 11:15:41,1,164730,False,False
22234134,5X8Hfo1pdmk=,113.856003,22.632433,2016-06-13 11:15:54,1,164730,False,False
22234135,5X8Hfo1pdmk=,113.856934,22.6336,2016-06-13 11:16:07,1,164730,False,False
22234136,5X8Hfo1pdmk=,113.857964,22.634983,2016-06-13 11:16:20,1,164730,False,False
22234137,5X8Hfo1pdmk=,113.858734,22.635883,2016-06-13 11:16:33,1,164730,False,False
22234138,5X8Hfo1pdmk=,113.859032,22.636333,2016-06-13 11:16:46,1,164730,False,False
22234139,5X8Hfo1pdmk=,113.859215,22.636801,2016-06-13 11:16:59,1,164730,False,False
22234140,5X8Hfo1pdmk=,113.859619,22.637983,2016-06-13 11:17:12,1,164730,False,False
22234141,5X8Hfo1pdmk=,113.860153,22.639317,2016-06-13 11:17:25,1,164730,False,False
22234142,5X8Hfo1pdmk=,113.860733,22.641283,2016-06-13 11:17:38,1,164730,False,False
22234143,5X8Hfo1pdmk=,113.86123700000002,22.643417000000003,2016-06-13 11:17:51,1,164730,False,False
22234144,5X8Hfo1pdmk=,113.861801,22.645933,2016-06-13 11:18:04,1,164730,False,False
22234145,5X8Hfo1pdmk=,113.862282,22.647984,2016-06-13 11:18:17,1,164730,False,False
22234146,5X8Hfo1pdmk=,113.86322,22.6504,2016-06-13 11:18:30,1,164730,False,False
22234147,5X8Hfo1pdmk=,113.864548,22.652267,2016-06-13 11:18:43,1,164730,False,False
22234148,5X8Hfo1pdmk=,113.866684,22.654118,2016-06-13 11:18:56,1,164730,False,False
22234149,5X8Hfo1pdmk=,113.868935,22.655317,2016-06-13 11:19:09,1,164730,False,False
22234150,5X8Hfo1pdmk=,113.874603,22.656483,2016-06-13 11:19:35,1,164730,False,False
22234151,5X8Hfo1pdmk=,113.877747,22.65695,2016-06-13 11:19:48,1,164730,False,False
22234152,5X8Hfo1pdmk=,113.880547,22.657417,2016-06-13 11:20:01,1,164730,False,False
22234153,5X8Hfo1pdmk=,113.880547,22.657417,2016-06-13 11:20:02,1,164730,False,False
22234154,5X8Hfo1pdmk=,113.880547,22.657417,2016-06-13 11:20:03,1,164730,False,False
22234155,5X8Hfo1pdmk=,113.880547,22.657417,2016-06-13 11:20:04,1,164730,False,False
22234156,5X8Hfo1pdmk=,113.888199,22.65855,2016-06-13 11:20:34,1,164730,False,False
22234157,5X8Hfo1pdmk=,113.888199,22.65855,2016-06-13 11:20:35,1,164730,False,False
22234158,5X8Hfo1pdmk=,113.888649,22.6586,2016-06-13 11:20:36,1,164730,False,False
22234159,5X8Hfo1pdmk=,113.888199,22.65855,2016-06-13 11:20:36,1,164730,False,False
22234160,5X8Hfo1pdmk=,113.888199,22.65855,2016-06-13 11:20:37,1,164730,False,False
22234161,5X8Hfo1pdmk=,113.888649,22.6586,2016-06-13 11:20:37,1,164730,False,False
22234162,5X8Hfo1pdmk=,113.888649,22.6586,2016-06-13 11:20:38,1,164730,False,False
22234163,5X8Hfo1pdmk=,113.888649,22.6586,2016-06-13 11:20:39,1,164730,False,False
22234164,5X8Hfo1pdmk=,113.891296,22.658882,2016-06-13 11:20:48,1,164730,False,False
22234165,5X8Hfo1pdmk=,113.891296,22.658882,2016-06-13 11:20:49,1,164730,False,False
22234166,5X8Hfo1pdmk=,113.891296,22.658882,2016-06-13 11:20:50,1,164730,False,False
22234167,5X8Hfo1pdmk=,113.891296,22.658882,2016-06-13 11:20:51,1,164730,False,False
22234168,5X8Hfo1pdmk=,113.893982,22.65905,2016-06-13 11:21:01,1,164730,False,False
22234169,5X8Hfo1pdmk=,113.893982,22.65905,2016-06-13 11:21:02,1,164730,False,False
22234170,5X8Hfo1pdmk=,113.893982,22.65905,2016-06-13 11:21:03,1,164730,False,False
22234171,5X8Hfo1pdmk=,113.893982,22.65905,2016-06-13 11:21:04,1,164730,False,False
22234172,5X8Hfo1pdmk=,113.897018,22.659117,2016-06-13 11:21:14,1,164730,False,False
22234173,5X8Hfo1pdmk=,113.897018,22.659117,2016-06-13 11:21:15,1,164730,False,False
22234174,5X8Hfo1pdmk=,113.897018,22.659117,2016-06-13 11:21:16,1,164730,False,False
22234175,5X8Hfo1pdmk=,113.897018,22.659117,2016-06-13 11:21:17,1,164730,False,False
22234176,5X8Hfo1pdmk=,113.899719,22.659067,2016-06-13 11:21:26,1,164730,False,False
22234177,5X8Hfo1pdmk=,113.899719,22.659067,2016-06-13 11:21:27,1,164730,False,False
22234178,5X8Hfo1pdmk=,113.899719,22.659067,2016-06-13 11:21:27,1,164730,False,False
22234179,5X8Hfo1pdmk=,113.899719,22.659067,2016-06-13 11:21:28,1,164730,False,False
22234180,5X8Hfo1pdmk=,113.899719,22.659067,2016-06-13 11:21:28,1,164730,False,False
22234181,5X8Hfo1pdmk=,113.899719,22.659067,2016-06-13 11:21:29,1,164730,False,False
22234182,5X8Hfo1pdmk=,113.899719,22.659067,2016-06-13 11:21:29,1,164730,False,False
22234183,5X8Hfo1pdmk=,113.899719,22.659067,2016-06-13 11:21:30,1,164730,False,False
22234184,5X8Hfo1pdmk=,113.902786,22.659033,2016-06-13 11:21:40,1,164730,False,False
22234185,5X8Hfo1pdmk=,113.902786,22.659033,2016-06-13 11:21:41,1,164730,False,False
22234186,5X8Hfo1pdmk=,113.902786,22.659033,2016-06-13 11:21:42,1,164730,False,False
22234187,5X8Hfo1pdmk=,113.902786,22.659033,2016-06-13 11:21:43,1,164730,False,False
22234188,5X8Hfo1pdmk=,113.905334,22.658966,2016-06-13 11:21:53,1,164730,False,False
22234189,5X8Hfo1pdmk=,113.905334,22.658966,2016-06-13 11:21:54,1,164730,False,False
22234190,5X8Hfo1pdmk=,113.905334,22.658966,2016-06-13 11:21:55,1,164730,False,False
22234191,5X8Hfo1pdmk=,113.905334,22.658966,2016-06-13 11:21:56,1,164730,False,False
22234192,5X8Hfo1pdmk=,113.908264,22.658899,2016-06-13 11:22:06,1,164730,False,False
22234193,5X8Hfo1pdmk=,113.908264,22.658899,2016-06-13 11:22:07,1,164730,False,False
22234194,5X8Hfo1pdmk=,113.908264,22.658899,2016-06-13 11:22:08,1,164730,False,False
22234195,5X8Hfo1pdmk=,113.908264,22.658899,2016-06-13 11:22:09,1,164730,False,False
22234196,5X8Hfo1pdmk=,113.910713,22.65885,2016-06-13 11:22:19,1,164730,False,False
22234197,5X8Hfo1pdmk=,113.910713,22.65885,2016-06-13 11:22:20,1,164730,False,False
22234198,5X8Hfo1pdmk=,113.910713,22.65885,2016-06-13 11:22:21,1,164730,False,False
22234199,5X8Hfo1pdmk=,113.910713,22.65885,2016-06-13 11:22:22,1,164730,False,False
22234200,5X8Hfo1pdmk=,113.913452,22.658833,2016-06-13 11:22:32,1,164730,False,False
22234201,5X8Hfo1pdmk=,113.913452,22.658833,2016-06-13 11:22:33,1,164730,False,False
22234202,5X8Hfo1pdmk=,113.913452,22.658833,2016-06-13 11:22:34,1,164730,False,False
22234203,5X8Hfo1pdmk=,113.913452,22.658833,2016-06-13 11:22:35,1,164730,False,False
22234204,5X8Hfo1pdmk=,113.915482,22.658833,2016-06-13 11:22:45,1,164730,False,False
22234205,5X8Hfo1pdmk=,113.915482,22.658833,2016-06-13 11:22:46,1,164730,False,False
22234206,5X8Hfo1pdmk=,113.915482,22.658833,2016-06-13 11:22:47,1,164730,False,False
22234207,5X8Hfo1pdmk=,113.915482,22.658833,2016-06-13 11:22:48,1,164730,False,False
22234208,5X8Hfo1pdmk=,113.917969,22.6591,2016-06-13 11:22:55,1,164730,False,False
22234209,5X8Hfo1pdmk=,113.917969,22.6591,2016-06-13 11:22:56,1,164730,False,False
22234210,5X8Hfo1pdmk=,113.917969,22.6591,2016-06-13 11:22:57,1,164730,False,False
22234211,5X8Hfo1pdmk=,113.917969,22.6591,2016-06-13 11:22:58,1,164730,False,False
22234212,5X8Hfo1pdmk=,113.919983,22.659666,2016-06-13 11:23:11,1,164730,False,False
22234213,5X8Hfo1pdmk=,113.919983,22.659666,2016-06-13 11:23:12,1,164730,False,False
22234214,5X8Hfo1pdmk=,113.919983,22.659666,2016-06-13 11:23:13,1,164730,False,False
22234215,5X8Hfo1pdmk=,113.919983,22.659666,2016-06-13 11:23:14,1,164730,False,False
22234216,5X8Hfo1pdmk=,113.922333,22.6607,2016-06-13 11:23:24,1,164730,False,False
22234217,5X8Hfo1pdmk=,113.922333,22.6607,2016-06-13 11:23:25,1,164730,False,False
22234218,5X8Hfo1pdmk=,113.922333,22.6607,2016-06-13 11:23:26,1,164730,False,False
22234219,5X8Hfo1pdmk=,113.922333,22.6607,2016-06-13 11:23:27,1,164730,False,False
22234220,5X8Hfo1pdmk=,113.924133,22.661882,2016-06-13 11:23:37,1,164730,False,False
22234221,5X8Hfo1pdmk=,113.924133,22.661882,2016-06-13 11:23:38,1,164730,False,False
22234222,5X8Hfo1pdmk=,113.924133,22.661882,2016-06-13 11:23:39,1,164730,False,False
22234223,5X8Hfo1pdmk=,113.924133,22.661882,2016-06-13 11:23:40,1,164730,False,False
22234224,5X8Hfo1pdmk=,113.925964,22.663483,2016-06-13 11:23:50,1,164730,False,False
22234225,5X8Hfo1pdmk=,113.925964,22.663483,2016-06-13 11:23:51,1,164730,False,False
22234226,5X8Hfo1pdmk=,113.925964,22.663483,2016-06-13 11:23:52,1,164730,False,False
22234227,5X8Hfo1pdmk=,113.925964,22.663483,2016-06-13 11:23:53,1,164730,False,False
22234228,5X8Hfo1pdmk=,113.927299,22.665068,2016-06-13 11:24:03,1,164730,False,False
22234229,5X8Hfo1pdmk=,113.927299,22.665068,2016-06-13 11:24:04,1,164730,False,False
22234230,5X8Hfo1pdmk=,113.927299,22.665068,2016-06-13 11:24:05,1,164730,False,False
22234231,5X8Hfo1pdmk=,113.927299,22.665068,2016-06-13 11:24:06,1,164730,False,False
22234232,5X8Hfo1pdmk=,113.928947,22.666866,2016-06-13 11:24:16,1,164730,False,False
22234233,5X8Hfo1pdmk=,113.928947,22.666866,2016-06-13 11:24:17,1,164730,False,False
22234234,5X8Hfo1pdmk=,113.928947,22.666866,2016-06-13 11:24:18,1,164730,False,False
22234235,5X8Hfo1pdmk=,113.928947,22.666866,2016-06-13 11:24:19,1,164730,False,False
22234236,5X8Hfo1pdmk=,113.930519,22.668234,2016-06-13 11:24:28,1,164730,False,False
22234237,5X8Hfo1pdmk=,113.930519,22.668234,2016-06-13 11:24:29,1,164730,False,False
22234238,5X8Hfo1pdmk=,113.930519,22.668234,2016-06-13 11:24:30,1,164730,False,False
22234239,5X8Hfo1pdmk=,113.930519,22.668234,2016-06-13 11:24:31,1,164730,False,False
22234240,5X8Hfo1pdmk=,113.932632,22.669649,2016-06-13 11:24:42,1,164730,False,False
22234241,5X8Hfo1pdmk=,113.932632,22.669649,2016-06-13 11:24:43,1,164730,False,False
22234242,5X8Hfo1pdmk=,113.932632,22.669649,2016-06-13 11:24:44,1,164730,False,False
22234243,5X8Hfo1pdmk=,113.932632,22.669649,2016-06-13 11:24:45,1,164730,False,False
22234244,5X8Hfo1pdmk=,113.934601,22.6707,2016-06-13 11:24:55,1,164730,False,False
22234245,5X8Hfo1pdmk=,113.934601,22.6707,2016-06-13 11:24:56,1,164730,False,False
22234246,5X8Hfo1pdmk=,113.934601,22.6707,2016-06-13 11:24:57,1,164730,False,False
22234247,5X8Hfo1pdmk=,113.934601,22.6707,2016-06-13 11:24:58,1,164730,False,False
22234248,5X8Hfo1pdmk=,113.93737,22.67185,2016-06-13 11:25:08,1,164730,False,False
22234249,5X8Hfo1pdmk=,113.93737,22.67185,2016-06-13 11:25:09,1,164730,False,False
22234250,5X8Hfo1pdmk=,113.93737,22.67185,2016-06-13 11:25:10,1,164730,False,False
22234251,5X8Hfo1pdmk=,113.93737,22.67185,2016-06-13 11:25:11,1,164730,False,False
22234252,5X8Hfo1pdmk=,113.939751,22.672968,2016-06-13 11:25:21,1,164730,False,False
22234253,5X8Hfo1pdmk=,113.939751,22.672968,2016-06-13 11:25:22,1,164730,False,False
22234254,5X8Hfo1pdmk=,113.939751,22.672968,2016-06-13 11:25:23,1,164730,False,False
22234255,5X8Hfo1pdmk=,113.939751,22.672968,2016-06-13 11:25:24,1,164730,False,False
22234256,5X8Hfo1pdmk=,113.942253,22.674517,2016-06-13 11:25:34,1,164730,False,False
22234257,5X8Hfo1pdmk=,113.942253,22.674517,2016-06-13 11:25:35,1,164730,False,False
22234258,5X8Hfo1pdmk=,113.942253,22.674517,2016-06-13 11:25:36,1,164730,False,False
22234259,5X8Hfo1pdmk=,113.942253,22.674517,2016-06-13 11:25:37,1,164730,False,False
22234260,5X8Hfo1pdmk=,113.944069,22.676083,2016-06-13 11:25:47,1,164730,False,False
22234261,5X8Hfo1pdmk=,113.944069,22.676083,2016-06-13 11:25:48,1,164730,False,False
22234262,5X8Hfo1pdmk=,113.944069,22.676083,2016-06-13 11:25:49,1,164730,False,False
22234263,5X8Hfo1pdmk=,113.944069,22.676083,2016-06-13 11:25:50,1,164730,False,False
22234264,5X8Hfo1pdmk=,113.946365,22.677967,2016-06-13 11:26:00,1,164730,False,False
22234265,5X8Hfo1pdmk=,113.946365,22.677967,2016-06-13 11:26:01,1,164730,False,False
22234266,5X8Hfo1pdmk=,113.946365,22.677967,2016-06-13 11:26:02,1,164730,False,False
22234267,5X8Hfo1pdmk=,113.946365,22.677967,2016-06-13 11:26:03,1,164730,False,False
22234268,5X8Hfo1pdmk=,113.948402,22.679417,2016-06-13 11:26:13,1,164730,False,False
22234269,5X8Hfo1pdmk=,113.948402,22.679417,2016-06-13 11:26:14,1,164730,False,False
22234270,5X8Hfo1pdmk=,113.948402,22.679417,2016-06-13 11:26:15,1,164730,False,False
22234271,5X8Hfo1pdmk=,113.948402,22.679417,2016-06-13 11:26:16,1,164730,False,False
22234272,5X8Hfo1pdmk=,113.95061499999998,22.680782,2016-06-13 11:26:26,1,164730,False,False
22234273,5X8Hfo1pdmk=,113.95061499999998,22.680782,2016-06-13 11:26:27,1,164730,False,False
22234274,5X8Hfo1pdmk=,113.95061499999998,22.680782,2016-06-13 11:26:28,1,164730,False,False
22234275,5X8Hfo1pdmk=,113.95061499999998,22.680782,2016-06-13 11:26:29,1,164730,False,False
22234276,5X8Hfo1pdmk=,113.9524,22.681801,2016-06-13 11:26:39,1,164730,False,False
22234277,5X8Hfo1pdmk=,113.9524,22.681801,2016-06-13 11:26:40,1,164730,False,False
22234278,5X8Hfo1pdmk=,113.9524,22.681801,2016-06-13 11:26:41,1,164730,False,False
22234279,5X8Hfo1pdmk=,113.9524,22.681801,2016-06-13 11:26:42,1,164730,False,False
22234280,5X8Hfo1pdmk=,113.954582,22.682751,2016-06-13 11:26:52,1,164730,False,False
22234281,5X8Hfo1pdmk=,113.954582,22.682751,2016-06-13 11:26:53,1,164730,False,False
22234282,5X8Hfo1pdmk=,113.954582,22.682751,2016-06-13 11:26:54,1,164730,False,False
22234283,5X8Hfo1pdmk=,113.954582,22.682751,2016-06-13 11:26:55,1,164730,False,False
22234284,5X8Hfo1pdmk=,113.956779,22.68355,2016-06-13 11:27:05,1,164730,False,False
22234285,5X8Hfo1pdmk=,113.956779,22.68355,2016-06-13 11:27:06,1,164730,False,False
22234286,5X8Hfo1pdmk=,113.956779,22.68355,2016-06-13 11:27:07,1,164730,False,False
22234287,5X8Hfo1pdmk=,113.956779,22.68355,2016-06-13 11:27:08,1,164730,False,False
22234288,5X8Hfo1pdmk=,113.968567,22.685583,2016-06-13 11:28:24,1,164730,False,False
22234289,5X8Hfo1pdmk=,113.968567,22.685583,2016-06-13 11:28:25,1,164730,False,False
22234290,5X8Hfo1pdmk=,113.968567,22.685583,2016-06-13 11:28:26,1,164730,False,False
22234291,5X8Hfo1pdmk=,113.968536,22.685368,2016-06-13 11:28:26,1,164730,False,False
22234292,5X8Hfo1pdmk=,113.968567,22.685583,2016-06-13 11:28:27,1,164730,False,False
22234293,5X8Hfo1pdmk=,113.968536,22.685368,2016-06-13 11:28:27,1,164730,False,False
22234294,5X8Hfo1pdmk=,113.968536,22.685368,2016-06-13 11:28:28,1,164730,False,False
22234295,5X8Hfo1pdmk=,113.968536,22.685368,2016-06-13 11:28:29,1,164730,False,False
22234296,5X8Hfo1pdmk=,113.967964,22.685066,2016-06-13 11:28:32,1,164730,False,False
22234297,5X8Hfo1pdmk=,113.967964,22.685066,2016-06-13 11:28:33,1,164730,False,False
22234298,5X8Hfo1pdmk=,113.967964,22.685066,2016-06-13 11:28:34,1,164730,False,False
22234299,5X8Hfo1pdmk=,113.967964,22.685066,2016-06-13 11:28:35,1,164730,False,False
22234300,5X8Hfo1pdmk=,113.966469,22.686367,2016-06-13 11:28:51,1,164730,False,False
22234301,5X8Hfo1pdmk=,113.966469,22.686367,2016-06-13 11:28:52,1,164730,False,False
22234302,5X8Hfo1pdmk=,113.966347,22.686583,2016-06-13 11:28:52,1,164730,False,False
22234303,5X8Hfo1pdmk=,113.966469,22.686367,2016-06-13 11:28:53,1,164730,False,False
22234304,5X8Hfo1pdmk=,113.966347,22.686583,2016-06-13 11:28:53,1,164730,False,False
22234305,5X8Hfo1pdmk=,113.966469,22.686367,2016-06-13 11:28:54,1,164730,False,False
22234306,5X8Hfo1pdmk=,113.966347,22.686583,2016-06-13 11:28:54,1,164730,False,False
22234307,5X8Hfo1pdmk=,113.966347,22.686583,2016-06-13 11:28:55,1,164730,False,False
22234308,5X8Hfo1pdmk=,113.975716,22.678432,2016-06-13 11:32:26,1,164730,False,False
22234309,5X8Hfo1pdmk=,113.976486,22.677732,2016-06-13 11:32:39,1,164730,False,False
22234310,5X8Hfo1pdmk=,113.977852,22.676468,2016-06-13 11:32:52,1,164730,False,False
22234311,5X8Hfo1pdmk=,113.979065,22.675133,2016-06-13 11:33:05,1,164730,False,False
22234312,5X8Hfo1pdmk=,113.980103,22.673683,2016-06-13 11:33:17,1,164730,False,False
22234313,5X8Hfo1pdmk=,113.981148,22.671932,2016-06-13 11:33:31,1,164730,False,False
22234314,5X8Hfo1pdmk=,113.982285,22.670082,2016-06-13 11:33:44,1,164730,False,False
22234315,5X8Hfo1pdmk=,113.982735,22.668318,2016-06-13 11:33:57,1,164730,False,False
22234316,5X8Hfo1pdmk=,113.995667,22.651417,2016-06-13 11:36:14,1,164730,False,False
22234317,5X8Hfo1pdmk=,113.99585,22.65115,2016-06-13 11:36:16,1,164730,False,False
22234318,5X8Hfo1pdmk=,113.996719,22.649651,2016-06-13 11:36:27,1,164730,False,False
22234319,5X8Hfo1pdmk=,113.997765,22.647467,2016-06-13 11:36:41,1,164730,False,False
22234320,5X8Hfo1pdmk=,113.998634,22.645651,2016-06-13 11:36:52,1,164730,False,False
22234321,5X8Hfo1pdmk=,114.007446,22.626966,2016-06-13 11:38:56,1,164730,False,False
22234322,5X8Hfo1pdmk=,114.007614,22.626682,2016-06-13 11:38:58,1,164730,False,False
22234323,5X8Hfo1pdmk=,114.008247,22.624718,2016-06-13 11:39:10,1,164730,False,False
22234324,5X8Hfo1pdmk=,114.008232,22.619949,2016-06-13 11:39:36,1,164730,False,False
22234325,5X8Hfo1pdmk=,114.008133,22.6178,2016-06-13 11:39:49,1,164730,False,False
22234326,5X8Hfo1pdmk=,114.008049,22.615417,2016-06-13 11:40:02,1,164730,False,False
22234327,5X8Hfo1pdmk=,114.008247,22.613501,2016-06-13 11:40:15,1,164730,False,False
22234328,5X8Hfo1pdmk=,114.008919,22.611532,2016-06-13 11:40:27,1,164730,False,False
22234329,5X8Hfo1pdmk=,114.00988,22.609449,2016-06-13 11:40:41,1,164730,False,False
22234330,5X8Hfo1pdmk=,114.010735,22.6075,2016-06-13 11:40:54,1,164730,False,False
22234331,5X8Hfo1pdmk=,114.011215,22.6057,2016-06-13 11:41:07,1,164730,False,False
22234332,5X8Hfo1pdmk=,114.011383,22.603451,2016-06-13 11:41:20,1,164730,False,False
22234333,5X8Hfo1pdmk=,114.011215,22.601351,2016-06-13 11:41:32,1,164730,False,False
22234334,5X8Hfo1pdmk=,114.010948,22.599283,2016-06-13 11:41:46,1,164730,False,False
22234335,5X8Hfo1pdmk=,114.010803,22.598301,2016-06-13 11:41:59,1,164730,False,False
22234336,5X8Hfo1pdmk=,114.010635,22.596649,2016-06-13 11:42:12,1,164730,False,False
22234337,5X8Hfo1pdmk=,114.01062,22.596518,2016-06-13 11:42:25,1,164730,False,False
22234338,5X8Hfo1pdmk=,114.010201,22.593582,2016-06-13 11:42:36,1,164730,False,False
22234339,5X8Hfo1pdmk=,114.009735,22.591766,2016-06-13 11:42:50,1,164730,False,False
22234340,5X8Hfo1pdmk=,114.009315,22.589899,2016-06-13 11:43:04,1,164730,False,False
22234341,5X8Hfo1pdmk=,114.009598,22.589367000000006,2016-06-13 11:43:17,1,164730,False,False
22234342,5X8Hfo1pdmk=,114.010246,22.589117,2016-06-13 11:43:30,1,164730,False,False
22234343,5X8Hfo1pdmk=,114.011047,22.589417,2016-06-13 11:43:42,1,164730,False,False
22234344,5X8Hfo1pdmk=,114.012199,22.589867,2016-06-13 11:43:56,1,164730,False,False
22234345,5X8Hfo1pdmk=,114.013397,22.590166,2016-06-13 11:44:09,1,164730,False,False
22234346,5X8Hfo1pdmk=,114.014999,22.590767,2016-06-13 11:44:22,1,164730,False,False
22234347,5X8Hfo1pdmk=,114.016632,22.5914,2016-06-13 11:44:35,1,164730,False,False
22234348,5X8Hfo1pdmk=,114.018303,22.592016,2016-06-13 11:44:47,1,164730,False,False
22234349,5X8Hfo1pdmk=,114.020103,22.592617,2016-06-13 11:45:01,1,164730,False,False
22234350,5X8Hfo1pdmk=,114.021751,22.592182,2016-06-13 11:45:14,1,164730,False,False
22234351,5X8Hfo1pdmk=,114.023483,22.594717000000006,2016-06-13 11:45:40,1,164730,False,False
22234352,5X8Hfo1pdmk=,114.024132,22.596367,2016-06-13 11:45:52,1,164730,False,False
22234353,5X8Hfo1pdmk=,114.02578,22.5977,2016-06-13 11:46:06,1,164730,False,False
22234354,5X8Hfo1pdmk=,114.026535,22.599001,2016-06-13 11:46:19,1,164730,False,False
22234355,5X8Hfo1pdmk=,114.026421,22.600782,2016-06-13 11:46:32,1,164730,False,False
22234356,5X8Hfo1pdmk=,114.025665,22.602167,2016-06-13 11:46:45,1,164730,False,False
22234357,5X8Hfo1pdmk=,114.024948,22.603382,2016-06-13 11:46:57,1,164730,False,False
22234358,5X8Hfo1pdmk=,114.025047,22.604267,2016-06-13 11:47:11,1,164730,False,False
22234359,5X8Hfo1pdmk=,114.026535,22.605083,2016-06-13 11:47:24,1,164730,False,False
22234360,5X8Hfo1pdmk=,114.027603,22.605783,2016-06-13 11:47:37,1,164730,False,False
22234361,5X8Hfo1pdmk=,114.02858,22.606533,2016-06-13 11:47:50,1,164730,False,False
22234362,5X8Hfo1pdmk=,114.029282,22.607082,2016-06-13 11:48:02,1,164730,False,False
22234363,5X8Hfo1pdmk=,114.029846,22.607533,2016-06-13 11:48:16,1,164730,False,False
22234364,5X8Hfo1pdmk=,114.029999,22.607517,2016-06-13 11:48:29,1,164730,False,False
22234365,5X8Hfo1pdmk=,114.029999,22.607567,2016-06-13 11:48:42,1,164730,False,False
22234366,5X8Hfo1pdmk=,114.030014,22.60755,2016-06-13 11:48:55,1,164730,False,False
22234367,5X8Hfo1pdmk=,114.029999,22.60755,2016-06-13 11:49:07,1,164730,False,False
22234368,5X8Hfo1pdmk=,114.030083,22.607533,2016-06-13 11:49:21,1,164730,False,False
22234369,5X8Hfo1pdmk=,114.030083,22.607533,2016-06-13 11:49:34,1,164730,False,False
22234370,5X8Hfo1pdmk=,114.030029,22.607517,2016-06-13 11:49:47,1,164730,False,False
22234371,5X8Hfo1pdmk=,114.030067,22.607599,2016-06-13 11:50:00,1,164730,False,False
22234372,5X8Hfo1pdmk=,114.030403,22.607901,2016-06-13 11:50:12,1,164730,False,False
22234373,5X8Hfo1pdmk=,114.031219,22.6085,2016-06-13 11:50:26,1,164730,False,False
22234374,5X8Hfo1pdmk=,114.031548,22.608618,2016-06-13 11:50:39,1,164730,False,False
22234375,5X8Hfo1pdmk=,114.031548,22.60865,2016-06-13 11:50:52,1,164730,False,False
22234376,5X8Hfo1pdmk=,114.031731,22.608732,2016-06-13 11:51:05,1,164730,False,False
22234377,5X8Hfo1pdmk=,114.032036,22.608967,2016-06-13 11:51:17,1,164730,False,False
22234378,5X8Hfo1pdmk=,114.031082,22.609949,2016-06-13 11:51:31,1,164730,False,False
22234379,5X8Hfo1pdmk=,114.030052,22.611267,2016-06-13 11:51:44,1,164730,False,False
22234380,5X8Hfo1pdmk=,114.029335,22.612432,2016-06-13 11:51:57,1,164730,False,False
22234381,5X8Hfo1pdmk=,114.02832,22.612066,2016-06-13 11:52:10,1,164730,False,False
22234382,5X8Hfo1pdmk=,114.027817,22.612583,2016-06-13 11:52:22,1,164730,False,False
22234383,5X8Hfo1pdmk=,114.026947,22.613083,2016-06-13 11:52:36,1,164730,False,False
22234384,5X8Hfo1pdmk=,114.026947,22.613001,2016-06-13 11:52:49,1,164730,False,False
22234385,5X8Hfo1pdmk=,114.026947,22.613001,2016-06-13 11:53:02,1,164730,False,False
22234386,5X8Hfo1pdmk=,114.026947,22.613001,2016-06-13 11:53:15,1,164730,False,False
22234387,5X8Hfo1pdmk=,114.026947,22.613001,2016-06-13 11:53:27,1,164730,False,False
22234388,5X8Hfo1pdmk=,114.026947,22.613001,2016-06-13 11:53:41,1,164730,False,False
22234389,5X8Hfo1pdmk=,114.026947,22.613001,2016-06-13 11:53:54,1,164730,False,False
22234390,5X8Hfo1pdmk=,114.027702,22.612833,2016-06-13 11:54:07,1,164730,False,False
22234391,5X8Hfo1pdmk=,114.027664,22.612833,2016-06-13 11:54:21,0,164730,False,True
