,taxi_id,time,longitude,latitude,occupancy_status,route_number,route_start,route_end
13014688,30907,2018-11-25 06:27:58,114.0326,22.608,1,324340,True,False
13014689,30907,2018-11-25 06:28:28,114.032097,22.608601,1,324340,False,False
13014690,30907,2018-11-25 06:28:58,114.0299,22.607599,1,324340,False,False
13014691,30907,2018-11-25 06:29:29,114.028099,22.6063,1,324340,False,False
13014692,30907,2018-11-25 06:29:59,114.024597,22.604,1,324340,False,False
13014693,30907,2018-11-25 06:30:29,114.024399,22.6038,1,324340,False,False
13014694,30907,2018-11-25 06:31:00,114.026299,22.600401,1,324340,False,False
13014695,30907,2018-11-25 06:31:30,114.023598,22.5959,1,324340,False,False
13014696,30907,2018-11-25 06:32:00,114.019402,22.592699,1,324340,False,False
13014697,30907,2018-11-25 06:33:01,114.010696,22.5923,1,324340,False,False
13014698,30907,2018-11-25 06:34:01,114.011902,22.6026,1,324340,False,False
13014699,30907,2018-11-25 06:35:02,114.0084,22.613701,1,324340,False,False
13014700,30907,2018-11-25 06:35:32,114.0084,22.618999,1,324340,False,False
13014701,30907,2018-11-25 06:36:02,114.0084,22.624701,1,324340,False,False
13014702,30907,2018-11-25 06:36:33,114.0056,22.629999,1,324340,False,False
13014703,30907,2018-11-25 06:37:03,114.002098,22.6348,1,324340,False,False
13014704,30907,2018-11-25 06:37:33,113.9991,22.639601000000006,1,324340,False,False
13014705,30907,2018-11-25 06:38:03,113.998901,22.6455,1,324340,False,False
13014706,30907,2018-11-25 06:38:33,113.996201,22.6507,1,324340,False,False
13014707,30907,2018-11-25 06:59:45,113.809097,22.627399,1,324340,False,False
13014708,30907,2018-11-25 07:02:03,113.808098,22.626699,0,324340,False,True
16614651,33405,2018-11-25 08:08:21,114.030464,22.610317,1,375971,True,False
16614652,33405,2018-11-25 08:08:40,114.030464,22.610317,1,375971,False,False
16614653,33405,2018-11-25 08:09:20,114.030464,22.610317,1,375971,False,False
16614654,33405,2018-11-25 08:09:39,114.030464,22.610317,1,375971,False,False
16614655,33405,2018-11-25 08:09:57,114.030464,22.610317,1,375971,False,False
16614656,33405,2018-11-25 08:10:17,114.030464,22.610317,1,375971,False,False
16614657,33405,2018-11-25 08:10:58,114.030464,22.610317,1,375971,False,False
16614658,33405,2018-11-25 08:11:16,114.030464,22.610317,1,375971,False,False
16614659,33405,2018-11-25 08:11:36,114.030464,22.610317,1,375971,False,False
16614660,33405,2018-11-25 08:11:56,114.030464,22.610317,1,375971,False,False
16614661,33405,2018-11-25 08:12:17,114.030464,22.610317,1,375971,False,False
16614662,33405,2018-11-25 08:12:37,114.030464,22.610317,1,375971,False,False
16614663,33405,2018-11-25 08:12:57,114.030464,22.610317,1,375971,False,False
16614664,33405,2018-11-25 08:13:17,114.030464,22.610317,1,375971,False,False
16614665,33405,2018-11-25 08:13:37,114.030464,22.610317,1,375971,False,False
16614666,33405,2018-11-25 08:13:55,114.030464,22.610317,1,375971,False,False
16614667,33405,2018-11-25 08:14:57,114.030464,22.610317,1,375971,False,False
16614668,33405,2018-11-25 08:15:16,114.030464,22.610317,1,375971,False,False
16614669,33405,2018-11-25 08:15:37,114.030464,22.610317,1,375971,False,False
16614670,33405,2018-11-25 08:15:57,114.030464,22.610317,1,375971,False,False
16614671,33405,2018-11-25 08:16:17,114.030464,22.610317,1,375971,False,False
16614672,33405,2018-11-25 08:17:21,114.030464,22.610317,1,375971,False,False
16614673,33405,2018-11-25 08:17:39,114.030464,22.610317,1,375971,False,False
16614674,33405,2018-11-25 08:17:57,114.030464,22.610317,1,375971,False,False
16614675,33405,2018-11-25 08:18:41,114.030464,22.610317,1,375971,False,False
16614676,33405,2018-11-25 08:19:00,114.030464,22.610317,1,375971,False,False
16614677,33405,2018-11-25 08:19:17,114.030464,22.610317,1,375971,False,False
16614678,33405,2018-11-25 08:21:59,114.030464,22.610317,1,375971,False,False
16614679,33405,2018-11-25 08:22:41,114.030464,22.610317,1,375971,False,False
16614680,33405,2018-11-25 08:25:20,114.030464,22.610317,1,375971,False,False
16614681,33405,2018-11-25 08:25:39,114.030464,22.610317,1,375971,False,False
16614682,33405,2018-11-25 08:27:58,114.030464,22.610317,1,375971,False,False
16614683,33405,2018-11-25 08:28:17,114.030464,22.610317,1,375971,False,False
16614684,33405,2018-11-25 08:28:37,114.030464,22.610317,1,375971,False,False
16614685,33405,2018-11-25 08:28:57,114.030464,22.610317,1,375971,False,False
16614686,33405,2018-11-25 08:29:38,114.030464,22.610317,1,375971,False,False
16614687,33405,2018-11-25 08:31:18,114.030464,22.610317,1,375971,False,False
16614688,33405,2018-11-25 08:32:42,114.030464,22.610317,1,375971,False,False
16614689,33405,2018-11-25 08:33:00,114.030464,22.610317,1,375971,False,False
16614690,33405,2018-11-25 08:33:19,114.030464,22.610317,1,375971,False,False
16614691,33405,2018-11-25 08:33:38,114.030464,22.610317,1,375971,False,False
16614692,33405,2018-11-25 08:33:57,114.030464,22.610317,1,375971,False,False
16614693,33405,2018-11-25 08:36:17,114.030464,22.610317,1,375971,False,False
16614694,33405,2018-11-25 08:36:37,114.030464,22.610317,1,375971,False,False
16614695,33405,2018-11-25 08:36:58,114.030464,22.610317,1,375971,False,False
16614696,33405,2018-11-25 08:37:17,114.030464,22.610317,1,375971,False,False
16614697,33405,2018-11-25 08:37:38,114.030464,22.610317,1,375971,False,False
16614698,33405,2018-11-25 08:37:57,114.030464,22.610317,1,375971,False,False
16614699,33405,2018-11-25 08:38:17,114.030464,22.610317,1,375971,False,False
16614700,33405,2018-11-25 08:38:37,114.030464,22.610317,1,375971,False,False
16614701,33405,2018-11-25 08:38:56,114.030464,22.610317,1,375971,False,False
16614702,33405,2018-11-25 08:39:17,114.030464,22.610317,1,375971,False,False
16614703,33405,2018-11-25 08:39:40,114.030464,22.610317,1,375971,False,False
16614704,33405,2018-11-25 08:39:57,114.032799,22.570967,1,375971,False,False
16614705,33405,2018-11-25 08:40:18,114.0327,22.570967,1,375971,False,False
16614706,33405,2018-11-25 08:48:45,114.0327,22.570967,1,375971,False,False
16614707,33405,2018-11-25 08:49:04,114.0327,22.570967,1,375971,False,False
16614708,33405,2018-11-25 08:49:46,114.0327,22.570967,1,375971,False,False
16614709,33405,2018-11-25 08:50:05,114.0327,22.570967,1,375971,False,False
16614710,33405,2018-11-25 08:50:24,114.0327,22.570967,1,375971,False,False
16614711,33405,2018-11-25 08:50:42,114.0327,22.570967,1,375971,False,False
16614712,33405,2018-11-25 08:51:05,114.0327,22.570967,1,375971,False,False
16614713,33405,2018-11-25 08:51:23,114.0327,22.570967,1,375971,False,False
16614714,33405,2018-11-25 08:51:45,114.0327,22.570967,1,375971,False,False
16614715,33405,2018-11-25 08:53:49,114.0327,22.570967,1,375971,False,False
16614716,33405,2018-11-25 08:55:25,114.0327,22.570967,1,375971,False,False
16614717,33405,2018-11-25 08:55:45,114.0327,22.570967,1,375971,False,False
16614718,33405,2018-11-25 08:56:05,114.0327,22.570967,1,375971,False,False
16614719,33405,2018-11-25 08:56:26,114.0327,22.570967,1,375971,False,False
16614720,33405,2018-11-25 08:57:04,114.0327,22.570967,1,375971,False,False
16614721,33405,2018-11-25 08:59:26,114.0327,22.570967,1,375971,False,False
16614722,33405,2018-11-25 09:03:07,114.0327,22.570967,1,375971,False,False
16614723,33405,2018-11-25 09:03:25,114.0327,22.570967,1,375971,False,False
16614724,33405,2018-11-25 09:05:08,114.0327,22.570967,1,375971,False,False
16614725,33405,2018-11-25 09:07:09,114.0327,22.570967,1,375971,False,False
16614726,33405,2018-11-25 09:07:26,114.0327,22.570967,1,375971,False,False
16614727,33405,2018-11-25 09:07:45,114.0327,22.570967,1,375971,False,False
16614728,33405,2018-11-25 09:14:25,114.0327,22.570967,1,375971,False,False
16614729,33405,2018-11-25 09:14:43,114.0327,22.570967,1,375971,False,False
16614730,33405,2018-11-25 09:15:05,114.0327,22.570967,1,375971,False,False
16614731,33405,2018-11-25 09:15:23,114.0327,22.570967,1,375971,False,False
16614732,33405,2018-11-25 09:15:42,114.0327,22.570967,1,375971,False,False
16614733,33405,2018-11-25 09:16:05,114.0327,22.570967,1,375971,False,False
16614734,33405,2018-11-25 09:17:08,114.0327,22.570967,1,375971,False,False
16614735,33405,2018-11-25 09:17:09,114.0327,22.570967,1,375971,False,False
16614736,33405,2018-11-25 09:17:10,114.0327,22.570967,1,375971,False,False
16614737,33405,2018-11-25 09:17:11,114.0327,22.570967,1,375971,False,False
16614738,33405,2018-11-25 09:59:20,113.813553,22.624216,0,375971,False,True
21883314,36212,2018-11-25 10:46:02,114.026482,22.610832,1,428977,True,False
21883315,36212,2018-11-25 10:46:07,114.02586399999998,22.610451,1,428977,False,False
21883316,36212,2018-11-25 10:46:11,114.02533,22.610132,1,428977,False,False
21883317,36212,2018-11-25 10:46:22,114.02375,22.6092,1,428977,False,False
21883318,36212,2018-11-25 10:46:27,114.023033,22.608784,1,428977,False,False
21883319,36212,2018-11-25 10:46:42,114.02198,22.606899,1,428977,False,False
21883320,36212,2018-11-25 10:46:46,114.022148,22.606318,1,428977,False,False
21883321,36212,2018-11-25 10:46:51,114.022636,22.605682,1,428977,False,False
21883322,36212,2018-11-25 10:47:02,114.02372,22.604467,1,428977,False,False
21883323,36212,2018-11-25 10:47:06,114.023979,22.604168,1,428977,False,False
21883324,36212,2018-11-25 10:47:11,114.024048,22.604082,1,428977,False,False
21883325,36212,2018-11-25 10:47:21,114.024048,22.604082,1,428977,False,False
21883326,36212,2018-11-25 10:47:26,114.024048,22.604082,1,428977,False,False
21883327,36212,2018-11-25 10:47:32,114.024048,22.604082,1,428977,False,False
21883328,36212,2018-11-25 10:47:41,114.024048,22.604082,1,428977,False,False
21883329,36212,2018-11-25 10:47:46,114.024048,22.604082,1,428977,False,False
21883330,36212,2018-11-25 10:47:51,114.02417,22.603916,1,428977,False,False
21883331,36212,2018-11-25 10:48:02,114.02475,22.603184,1,428977,False,False
21883332,36212,2018-11-25 10:48:06,114.024986,22.602867,1,428977,False,False
21883333,36212,2018-11-25 10:48:11,114.025269,22.602417000000006,1,428977,False,False
21883334,36212,2018-11-25 10:48:21,114.025932,22.601282,1,428977,False,False
21883335,36212,2018-11-25 10:48:26,114.026253,22.600634,1,428977,False,False
21883336,36212,2018-11-25 10:48:32,114.026451,22.5998,1,428977,False,False
21883337,36212,2018-11-25 10:48:41,114.026253,22.598583,1,428977,False,False
21883338,36212,2018-11-25 10:48:46,114.025932,22.598034,1,428977,False,False
21883339,36212,2018-11-25 10:48:51,114.02552,22.597616,1,428977,False,False
21883340,36212,2018-11-25 10:49:02,114.024582,22.596901000000006,1,428977,False,False
21883341,36212,2018-11-25 10:49:06,114.024231,22.596634,1,428977,False,False
21883342,36212,2018-11-25 10:49:11,114.023918,22.596333,1,428977,False,False
21883343,36212,2018-11-25 10:49:21,114.023399,22.595516,1,428977,False,False
21883344,36212,2018-11-25 10:49:26,114.023232,22.594999,1,428977,False,False
21883345,36212,2018-11-25 10:49:32,114.022964,22.594383,1,428977,False,False
21883346,36212,2018-11-25 10:49:41,114.022133,22.5937,1,428977,False,False
21883347,36212,2018-11-25 10:49:47,114.021317,22.593433,1,428977,False,False
21883348,36212,2018-11-25 10:49:52,114.020683,22.593201,1,428977,False,False
21883349,36212,2018-11-25 10:50:02,114.019348,22.592733,1,428977,False,False
21883350,36212,2018-11-25 10:50:07,114.018616,22.592501,1,428977,False,False
21883351,36212,2018-11-25 10:50:12,114.017784,22.592216,1,428977,False,False
21883352,36212,2018-11-25 10:50:21,114.016434,22.591766,1,428977,False,False
21883353,36212,2018-11-25 10:50:26,114.015984,22.591618,1,428977,False,False
21883354,36212,2018-11-25 10:50:32,114.01568600000002,22.591516,1,428977,False,False
21883355,36212,2018-11-25 10:51:02,114.013931,22.591034,1,428977,False,False
21883356,36212,2018-11-25 10:51:06,114.01355,22.591017,1,428977,False,False
21883357,36212,2018-11-25 10:51:11,114.013199,22.591066,1,428977,False,False
21883358,36212,2018-11-25 10:51:21,114.012604,22.591284,1,428977,False,False
21883359,36212,2018-11-25 10:51:26,114.011971,22.591516,1,428977,False,False
21883360,36212,2018-11-25 10:51:32,114.01107,22.591867,1,428977,False,False
21883361,36212,2018-11-25 10:51:41,114.010818,22.592934,1,428977,False,False
21883362,36212,2018-11-25 10:51:46,114.010918,22.59355,1,428977,False,False
21883363,36212,2018-11-25 10:51:51,114.010948,22.594067000000006,1,428977,False,False
21883364,36212,2018-11-25 10:52:26,114.011436,22.598482,1,428977,False,False
21883365,36212,2018-11-25 10:52:32,114.011551,22.599533,1,428977,False,False
21883366,36212,2018-11-25 10:52:41,114.01178,22.601418,1,428977,False,False
21883367,36212,2018-11-25 10:52:46,114.011864,22.602467,1,428977,False,False
21883368,36212,2018-11-25 10:52:51,114.01188700000002,22.603468,1,428977,False,False
21883369,36212,2018-11-25 10:53:02,114.01162,22.60545,1,428977,False,False
21883370,36212,2018-11-25 10:53:06,114.011452,22.606167000000006,1,428977,False,False
21883371,36212,2018-11-25 10:53:11,114.011185,22.607,1,428977,False,False
21883372,36212,2018-11-25 10:53:21,114.010567,22.608549,1,428977,False,False
21883373,36212,2018-11-25 10:53:26,114.010201,22.609333,1,428977,False,False
21883374,36212,2018-11-25 10:53:32,114.00976599999998,22.610317,1,428977,False,False
21883375,36212,2018-11-25 10:53:41,114.009064,22.611799,1,428977,False,False
21883376,36212,2018-11-25 10:53:46,114.008682,22.61265,1,428977,False,False
21883377,36212,2018-11-25 10:53:51,114.008415,22.61355,1,428977,False,False
21883378,36212,2018-11-25 10:54:02,114.008232,22.615482,1,428977,False,False
21883379,36212,2018-11-25 10:54:06,114.008247,22.616234,1,428977,False,False
21883380,36212,2018-11-25 10:54:11,114.008286,22.617233,1,428977,False,False
21883381,36212,2018-11-25 10:54:22,114.008385,22.61935,1,428977,False,False
21883382,36212,2018-11-25 10:54:27,114.008415,22.620251,1,428977,False,False
21883383,36212,2018-11-25 10:54:31,114.008453,22.620983,1,428977,False,False
21883384,36212,2018-11-25 10:54:42,114.008568,22.62295,1,428977,False,False
21883385,36212,2018-11-25 10:54:46,114.008568,22.623617000000007,1,428977,False,False
21883386,36212,2018-11-25 10:54:51,114.008469,22.624384,1,428977,False,False
21883387,36212,2018-11-25 10:55:02,114.008003,22.626167,1,428977,False,False
21883388,36212,2018-11-25 10:55:06,114.007736,22.62685,1,428977,False,False
21883389,36212,2018-11-25 10:55:11,114.007301,22.627666,1,428977,False,False
21883390,36212,2018-11-25 10:55:21,114.006233,22.6292,1,428977,False,False
21883391,36212,2018-11-25 10:55:26,114.005699,22.629932,1,428977,False,False
21883392,36212,2018-11-25 10:55:32,114.005051,22.630817,1,428977,False,False
21883393,36212,2018-11-25 10:55:41,114.004204,22.631866,1,428977,False,False
21883394,36212,2018-11-25 10:55:51,114.003517,22.632868,1,428977,False,False
21883395,36212,2018-11-25 10:56:02,114.002563,22.634216,1,428977,False,False
21883396,36212,2018-11-25 10:56:06,114.002182,22.634768,1,428977,False,False
21883397,36212,2018-11-25 10:56:11,114.001747,22.635366,1,428977,False,False
21883398,36212,2018-11-25 10:56:21,114.000969,22.636499,1,428977,False,False
21883399,36212,2018-11-25 10:56:26,114.000481,22.637182,1,428977,False,False
21883400,36212,2018-11-25 10:56:32,113.99991599999998,22.637966,1,428977,False,False
21883401,36212,2018-11-25 10:56:41,113.999252,22.639383,1,428977,False,False
21883402,36212,2018-11-25 10:56:46,113.9991,22.640318,1,428977,False,False
21883403,36212,2018-11-25 10:56:51,113.99913,22.641199,1,428977,False,False
21883404,36212,2018-11-25 10:57:02,113.999168,22.6432,1,428977,False,False
21883405,36212,2018-11-25 10:57:06,113.999168,22.6439,1,428977,False,False
21883406,36212,2018-11-25 10:57:11,113.9991,22.644716,1,428977,False,False
21883407,36212,2018-11-25 10:57:21,113.99855,22.646383,1,428977,False,False
21883408,36212,2018-11-25 10:57:26,113.998131,22.6472,1,428977,False,False
21883409,36212,2018-11-25 10:57:32,113.99766499999998,22.648184,1,428977,False,False
21883410,36212,2018-11-25 10:57:41,113.996933,22.649616,1,428977,False,False
21883411,36212,2018-11-25 10:57:46,113.996468,22.650467000000006,1,428977,False,False
21883412,36212,2018-11-25 10:57:51,113.995964,22.651283,1,428977,False,False
21883413,36212,2018-11-25 10:58:02,113.994835,22.652866,1,428977,False,False
21883414,36212,2018-11-25 10:58:06,113.99437,22.65345,1,428977,False,False
21883415,36212,2018-11-25 10:58:11,113.993736,22.654182,1,428977,False,False
21883416,36212,2018-11-25 10:58:21,113.992599,22.655518,1,428977,False,False
21883417,36212,2018-11-25 10:58:26,113.992119,22.656218,1,428977,False,False
21883418,36212,2018-11-25 10:58:32,113.9916,22.657017,1,428977,False,False
21883419,36212,2018-11-25 10:58:41,113.990829,22.658216,1,428977,False,False
21883420,36212,2018-11-25 10:58:46,113.990349,22.659018,1,428977,False,False
21883421,36212,2018-11-25 10:58:51,113.989716,22.659834,1,428977,False,False
21883422,36212,2018-11-25 10:59:02,113.987984,22.661318,1,428977,False,False
21883423,36212,2018-11-25 10:59:06,113.987381,22.6618,1,428977,False,False
21883424,36212,2018-11-25 10:59:11,113.986618,22.662434,1,428977,False,False
21883425,36212,2018-11-25 10:59:22,113.98488600000002,22.663851,1,428977,False,False
21883426,36212,2018-11-25 10:59:27,113.984116,22.664534,1,428977,False,False
21883427,36212,2018-11-25 10:59:31,113.983635,22.66515,1,428977,False,False
21883428,36212,2018-11-25 10:59:42,113.982964,22.66715,1,428977,False,False
21883429,36212,2018-11-25 10:59:47,113.982834,22.668083,1,428977,False,False
21883430,36212,2018-11-25 10:59:51,113.982735,22.668783,1,428977,False,False
21883431,36212,2018-11-25 11:00:02,113.982216,22.670517,1,428977,False,False
21883432,36212,2018-11-25 11:00:06,113.981834,22.671167,1,428977,False,False
21883433,36212,2018-11-25 11:00:11,113.981331,22.671984,1,428977,False,False
21883434,36212,2018-11-25 11:00:22,113.980186,22.673817,1,428977,False,False
21883435,36212,2018-11-25 11:00:27,113.979599,22.674683,1,428977,False,False
21883436,36212,2018-11-25 11:00:31,113.979103,22.675333,1,428977,False,False
21883437,36212,2018-11-25 11:00:42,113.977547,22.67705,1,428977,False,False
21883438,36212,2018-11-25 11:00:47,113.976814,22.6777,1,428977,False,False
21883439,36212,2018-11-25 11:00:52,113.976166,22.678316,1,428977,False,False
21883440,36212,2018-11-25 11:01:01,113.975082,22.679399,1,428977,False,False
21883441,36212,2018-11-25 11:01:07,113.974403,22.680183,1,428977,False,False
21883442,36212,2018-11-25 11:01:12,113.974014,22.680668,1,428977,False,False
21883443,36212,2018-11-25 11:01:21,113.973267,22.681618,1,428977,False,False
21883444,36212,2018-11-25 11:01:26,113.972733,22.682301,1,428977,False,False
21883445,36212,2018-11-25 11:01:32,113.972084,22.683132,1,428977,False,False
21883446,36212,2018-11-25 11:01:41,113.971169,22.684299,1,428977,False,False
21883447,36212,2018-11-25 11:01:46,113.97065,22.685017,1,428977,False,False
21883448,36212,2018-11-25 11:01:51,113.970032,22.685801,1,428977,False,False
21883449,36212,2018-11-25 11:02:02,113.968803,22.687433,1,428977,False,False
21883450,36212,2018-11-25 11:02:06,113.968384,22.688032,1,428977,False,False
21883451,36212,2018-11-25 11:02:11,113.967918,22.688766,1,428977,False,False
21883452,36212,2018-11-25 11:02:26,113.967865,22.690817000000006,1,428977,False,False
21883453,36212,2018-11-25 11:02:30,113.967651,22.691183,1,428977,False,False
21883454,36212,2018-11-25 11:02:32,113.967468,22.691282,1,428977,False,False
21883455,36212,2018-11-25 11:02:41,113.9664,22.691,1,428977,False,False
21883456,36212,2018-11-25 11:02:46,113.965881,22.690451,1,428977,False,False
21883457,36212,2018-11-25 11:02:52,113.96553,22.689583,1,428977,False,False
21883458,36212,2018-11-25 11:03:02,113.96553,22.688284,1,428977,False,False
21883459,36212,2018-11-25 11:03:07,113.965569,22.687983,1,428977,False,False
21883460,36212,2018-11-25 11:03:11,113.965515,22.687817000000006,1,428977,False,False
21883461,36212,2018-11-25 11:03:21,113.965752,22.687468,1,428977,False,False
21883462,36212,2018-11-25 11:03:26,113.965851,22.687033,1,428977,False,False
21883463,36212,2018-11-25 11:03:32,113.965652,22.686317000000006,1,428977,False,False
21883464,36212,2018-11-25 11:03:41,113.964249,22.68565,1,428977,False,False
21883465,36212,2018-11-25 11:03:46,113.963219,22.68535,1,428977,False,False
21883466,36212,2018-11-25 11:03:52,113.961853,22.684999,1,428977,False,False
21883467,36212,2018-11-25 11:04:02,113.959618,22.684401,1,428977,False,False
21883468,36212,2018-11-25 11:04:07,113.958603,22.684116,1,428977,False,False
21883469,36212,2018-11-25 11:04:11,113.957802,22.683884,1,428977,False,False
21883470,36212,2018-11-25 11:04:22,113.95533,22.6831,1,428977,False,False
21883471,36212,2018-11-25 11:04:26,113.95443,22.682768,1,428977,False,False
21883472,36212,2018-11-25 11:04:32,113.953316,22.682266,1,428977,False,False
21883473,36212,2018-11-25 11:04:41,113.951767,22.681534,1,428977,False,False
21883474,36212,2018-11-25 11:04:46,113.950897,22.681084,1,428977,False,False
21883475,36212,2018-11-25 11:04:52,113.94983700000002,22.680483,1,428977,False,False
21883476,36212,2018-11-25 11:05:02,113.947968,22.679283,1,428977,False,False
21883477,36212,2018-11-25 11:05:07,113.947083,22.67865,1,428977,False,False
21883478,36212,2018-11-25 11:05:11,113.946419,22.678133,1,428977,False,False
21883479,36212,2018-11-25 11:05:22,113.944565,22.676634,1,428977,False,False
21883480,36212,2018-11-25 11:05:26,113.943901,22.676067,1,428977,False,False
21883481,36212,2018-11-25 11:05:32,113.94297,22.675301,1,428977,False,False
21883482,36212,2018-11-25 11:05:41,113.94162,22.67425,1,428977,False,False
21883483,36212,2018-11-25 11:05:46,113.940865,22.67375,1,428977,False,False
21883484,36212,2018-11-25 11:05:52,113.93985,22.673134,1,428977,False,False
21883485,36212,2018-11-25 11:06:02,113.938103,22.672251,1,428977,False,False
21883486,36212,2018-11-25 11:06:07,113.937248,22.6719,1,428977,False,False
21883487,36212,2018-11-25 11:06:11,113.936546,22.671618,1,428977,False,False
21883488,36212,2018-11-25 11:06:22,113.934547,22.670799,1,428977,False,False
21883489,36212,2018-11-25 11:06:26,113.933815,22.670467,1,428977,False,False
21883490,36212,2018-11-25 11:06:32,113.9328,22.66995,1,428977,False,False
21883491,36212,2018-11-25 11:06:41,113.931267,22.669033,1,428977,False,False
21883492,36212,2018-11-25 11:06:46,113.930367,22.668367,1,428977,False,False
21883493,36212,2018-11-25 11:06:52,113.929214,22.667418,1,428977,False,False
21883494,36212,2018-11-25 11:07:02,113.927467,22.6656,1,428977,False,False
21883495,36212,2018-11-25 11:07:07,113.926666,22.66465,1,428977,False,False
21883496,36212,2018-11-25 11:07:11,113.926018,22.663883,1,428977,False,False
21883497,36212,2018-11-25 11:07:22,113.924103,22.662117,1,428977,False,False
21883498,36212,2018-11-25 11:07:26,113.92337,22.661583,1,428977,False,False
21883499,36212,2018-11-25 11:07:32,113.922218,22.660883,1,428977,False,False
21883500,36212,2018-11-25 11:07:41,113.920418,22.660032,1,428977,False,False
21883501,36212,2018-11-25 11:07:46,113.919449,22.659683,1,428977,False,False
21883502,36212,2018-11-25 11:07:52,113.918297,22.659367,1,428977,False,False
21883503,36212,2018-11-25 11:08:02,113.916214,22.659033,1,428977,False,False
21883504,36212,2018-11-25 11:08:07,113.91507,22.658983,1,428977,False,False
21883505,36212,2018-11-25 11:08:11,113.914131,22.658983,1,428977,False,False
21883506,36212,2018-11-25 11:08:21,113.911819,22.659033,1,428977,False,False
21883507,36212,2018-11-25 11:08:26,113.910629,22.659033,1,428977,False,False
21883508,36212,2018-11-25 11:08:32,113.909164,22.659067,1,428977,False,False
21883509,36212,2018-11-25 11:08:41,113.907021,22.6591,1,428977,False,False
21883510,36212,2018-11-25 11:08:46,113.905815,22.659134,1,428977,False,False
21883511,36212,2018-11-25 11:08:52,113.904266,22.659166,1,428977,False,False
21883512,36212,2018-11-25 11:09:02,113.901764,22.659218,1,428977,False,False
21883513,36212,2018-11-25 11:09:07,113.900581,22.65925,1,428977,False,False
21883514,36212,2018-11-25 11:09:11,113.899635,22.659267,1,428977,False,False
21883515,36212,2018-11-25 11:09:22,113.896881,22.659317,1,428977,False,False
21883516,36212,2018-11-25 11:09:26,113.895897,22.659317,1,428977,False,False
21883517,36212,2018-11-25 11:09:32,113.894531,22.6593,1,428977,False,False
21883518,36212,2018-11-25 11:09:41,113.892448,22.659166,1,428977,False,False
21883519,36212,2018-11-25 11:09:47,113.890968,22.659067,1,428977,False,False
21883520,36212,2018-11-25 11:09:52,113.889748,22.658934,1,428977,False,False
21883521,36212,2018-11-25 11:10:01,113.887718,22.658667,1,428977,False,False
21883522,36212,2018-11-25 11:10:07,113.886414,22.658484,1,428977,False,False
21883523,36212,2018-11-25 11:10:12,113.885231,22.6583,1,428977,False,False
21883524,36212,2018-11-25 11:10:22,113.882736,22.657949,1,428977,False,False
21883525,36212,2018-11-25 11:10:26,113.88173700000002,22.657784,1,428977,False,False
21883526,36212,2018-11-25 11:10:32,113.880318,22.657566,1,428977,False,False
21883527,36212,2018-11-25 11:10:41,113.87826499999998,22.657249,1,428977,False,False
21883528,36212,2018-11-25 11:10:46,113.877167,22.657084,1,428977,False,False
21883529,36212,2018-11-25 11:10:52,113.875771,22.656866,1,428977,False,False
21883530,36212,2018-11-25 11:11:02,113.873421,22.656532,1,428977,False,False
21883531,36212,2018-11-25 11:11:07,113.872284,22.656366,1,428977,False,False
21883532,36212,2018-11-25 11:11:12,113.871132,22.656183,1,428977,False,False
21883533,36212,2018-11-25 11:11:22,113.868835,22.655518,1,428977,False,False
21883534,36212,2018-11-25 11:11:26,113.867935,22.655117,1,428977,False,False
21883535,36212,2018-11-25 11:11:32,113.866631,22.654367,1,428977,False,False
21883536,36212,2018-11-25 11:11:41,113.865021,22.653049,1,428977,False,False
21883537,36212,2018-11-25 11:11:46,113.86422,22.652184,1,428977,False,False
21883538,36212,2018-11-25 11:11:52,113.86335,22.650999,1,428977,False,False
21883539,36212,2018-11-25 11:12:02,113.862297,22.648884,1,428977,False,False
21883540,36212,2018-11-25 11:12:07,113.861969,22.6478,1,428977,False,False
21883541,36212,2018-11-25 11:12:11,113.861771,22.646883,1,428977,False,False
21883542,36212,2018-11-25 11:12:22,113.861214,22.644449,1,428977,False,False
21883543,36212,2018-11-25 11:12:26,113.861031,22.643618,1,428977,False,False
21883544,36212,2018-11-25 11:12:32,113.860764,22.642418,1,428977,False,False
21883545,36212,2018-11-25 11:12:41,113.860336,22.640551,1,428977,False,False
21883546,36212,2018-11-25 11:12:46,113.860031,22.639517,1,428977,False,False
21883547,36212,2018-11-25 11:12:52,113.859619,22.638399,1,428977,False,False
21883548,36212,2018-11-25 11:13:02,113.859085,22.637283,1,428977,False,False
21883549,36212,2018-11-25 11:13:07,113.858887,22.636984,1,428977,False,False
21883550,36212,2018-11-25 11:13:12,113.858887,22.636984,1,428977,False,False
21883551,36212,2018-11-25 11:13:22,113.858887,22.636984,1,428977,False,False
21883552,36212,2018-11-25 11:13:26,113.858887,22.636984,1,428977,False,False
21883553,36212,2018-11-25 11:13:32,113.858887,22.636984,1,428977,False,False
21883554,36212,2018-11-25 11:13:42,113.858887,22.636984,1,428977,False,False
21883555,36212,2018-11-25 11:13:46,113.858887,22.636984,1,428977,False,False
21883556,36212,2018-11-25 11:13:52,113.858887,22.636984,1,428977,False,False
21883557,36212,2018-11-25 11:14:02,113.858887,22.636984,1,428977,False,False
21883558,36212,2018-11-25 11:14:07,113.858887,22.636984,1,428977,False,False
21883559,36212,2018-11-25 11:14:12,113.858887,22.636984,1,428977,False,False
21883560,36212,2018-11-25 11:14:22,113.858887,22.636984,1,428977,False,False
21883561,36212,2018-11-25 11:14:26,113.858887,22.636984,1,428977,False,False
21883562,36212,2018-11-25 11:14:32,113.858887,22.636984,1,428977,False,False
21883563,36212,2018-11-25 11:14:42,113.858887,22.636984,1,428977,False,False
21883564,36212,2018-11-25 11:14:47,113.858887,22.636984,1,428977,False,False
21883565,36212,2018-11-25 11:14:52,113.858887,22.636984,1,428977,False,False
21883566,36212,2018-11-25 11:15:01,113.858887,22.636984,1,428977,False,False
21883567,36212,2018-11-25 11:15:07,113.858887,22.636984,1,428977,False,False
21883568,36212,2018-11-25 11:15:12,113.858887,22.636984,1,428977,False,False
21883569,36212,2018-11-25 11:15:22,113.858887,22.636984,1,428977,False,False
21883570,36212,2018-11-25 11:15:26,113.858887,22.636984,1,428977,False,False
21883571,36212,2018-11-25 11:15:32,113.858887,22.636984,1,428977,False,False
21883572,36212,2018-11-25 11:15:42,113.858887,22.636984,1,428977,False,False
21883573,36212,2018-11-25 11:15:46,113.858887,22.636984,1,428977,False,False
21883574,36212,2018-11-25 11:15:52,113.858887,22.636984,1,428977,False,False
21883575,36212,2018-11-25 11:16:02,113.858887,22.636984,1,428977,False,False
21883576,36212,2018-11-25 11:16:07,113.858887,22.636984,1,428977,False,False
21883577,36212,2018-11-25 11:16:12,113.858887,22.636984,1,428977,False,False
21883578,36212,2018-11-25 11:16:22,113.858887,22.636984,1,428977,False,False
21883579,36212,2018-11-25 11:16:26,113.858887,22.636984,1,428977,False,False
21883580,36212,2018-11-25 11:16:32,113.858887,22.636984,1,428977,False,False
21883581,36212,2018-11-25 11:16:42,113.858887,22.636984,1,428977,False,False
21883582,36212,2018-11-25 11:16:46,113.858887,22.636984,1,428977,False,False
21883583,36212,2018-11-25 11:16:52,113.858887,22.636984,1,428977,False,False
21883584,36212,2018-11-25 11:17:02,113.858887,22.636984,1,428977,False,False
21883585,36212,2018-11-25 11:17:07,113.858452,22.636017,1,428977,False,False
21883586,36212,2018-11-25 11:17:11,113.858231,22.635633,1,428977,False,False
21883587,36212,2018-11-25 11:17:22,113.857353,22.634399,1,428977,False,False
21883588,36212,2018-11-25 11:17:26,113.856918,22.6339,1,428977,False,False
21883589,36212,2018-11-25 11:17:32,113.856216,22.633101,1,428977,False,False
21883590,36212,2018-11-25 11:17:42,113.854965,22.631651,1,428977,False,False
21883591,36212,2018-11-25 11:17:46,113.854485,22.6311,1,428977,False,False
21883592,36212,2018-11-25 11:17:52,113.853821,22.630367,1,428977,False,False
21883593,36212,2018-11-25 11:18:02,113.852547,22.629732,1,428977,False,False
21883594,36212,2018-11-25 11:18:07,113.851898,22.6297,1,428977,False,False
21883595,36212,2018-11-25 11:18:12,113.851318,22.629732,1,428977,False,False
21883596,36212,2018-11-25 11:18:26,113.849548,22.629168,1,428977,False,False
21883597,36212,2018-11-25 11:18:30,113.849297,22.628733,1,428977,False,False
21883598,36212,2018-11-25 11:18:32,113.849266,22.6285,1,428977,False,False
21883599,36212,2018-11-25 11:18:42,113.84958600000002,22.627417,1,428977,False,False
21883600,36212,2018-11-25 11:18:46,113.8498,22.626984,1,428977,False,False
21883601,36212,2018-11-25 11:18:52,113.850052,22.626417,1,428977,False,False
21883602,36212,2018-11-25 11:19:02,113.850319,22.625467,1,428977,False,False
21883603,36212,2018-11-25 11:19:07,113.850182,22.625168,1,428977,False,False
21883604,36212,2018-11-25 11:19:12,113.849899,22.624884,1,428977,False,False
21883605,36212,2018-11-25 11:19:22,113.848953,22.624001,1,428977,False,False
21883606,36212,2018-11-25 11:19:26,113.848396,22.6236,1,428977,False,False
21883607,36212,2018-11-25 11:19:32,113.847481,22.623051,1,428977,False,False
21883608,36212,2018-11-25 11:19:41,113.84568,22.622368,1,428977,False,False
21883609,36212,2018-11-25 11:19:46,113.844635,22.622101,1,428977,False,False
21883610,36212,2018-11-25 11:19:52,113.843452,22.621782,1,428977,False,False
21883611,36212,2018-11-25 11:20:02,113.841583,22.6213,1,428977,False,False
21883612,36212,2018-11-25 11:20:07,113.840569,22.621033,1,428977,False,False
21883613,36212,2018-11-25 11:20:12,113.839569,22.620768,1,428977,False,False
21883614,36212,2018-11-25 11:20:22,113.837547,22.620234,1,428977,False,False
21883615,36212,2018-11-25 11:20:26,113.836716,22.620016,1,428977,False,False
21883616,36212,2018-11-25 11:20:32,113.835464,22.619667,1,428977,False,False
21883617,36212,2018-11-25 11:20:42,113.833549,22.618967,1,428977,False,False
21883618,36212,2018-11-25 11:20:47,113.832619,22.618549,1,428977,False,False
21883619,36212,2018-11-25 11:20:52,113.83168,22.618099,1,428977,False,False
21883620,36212,2018-11-25 11:21:02,113.829948,22.617283,1,428977,False,False
21883621,36212,2018-11-25 11:21:07,113.829117,22.616899,1,428977,False,False
21883622,36212,2018-11-25 11:21:12,113.82827,22.616501,1,428977,False,False
21883623,36212,2018-11-25 11:21:42,113.82291399999998,22.613983,1,428977,False,False
21883624,36212,2018-11-25 11:21:46,113.822197,22.613667,1,428977,False,False
21883625,36212,2018-11-25 11:21:52,113.821182,22.613199,1,428977,False,False
21883626,36212,2018-11-25 11:22:02,113.819633,22.612499,1,428977,False,False
21883627,36212,2018-11-25 11:22:07,113.818916,22.612217,1,428977,False,False
21883628,36212,2018-11-25 11:22:12,113.818169,22.61215,1,428977,False,False
21883629,36212,2018-11-25 11:22:22,113.817047,22.612783,1,428977,False,False
21883630,36212,2018-11-25 11:22:26,113.81675,22.613216,1,428977,False,False
21883631,36212,2018-11-25 11:22:32,113.81633,22.613951,1,428977,False,False
21883632,36212,2018-11-25 11:22:42,113.81562,22.615217,1,428977,False,False
21883633,36212,2018-11-25 11:22:46,113.815331,22.615717,1,428977,False,False
21883634,36212,2018-11-25 11:22:52,113.814949,22.616449,1,428977,False,False
21883635,36212,2018-11-25 11:23:02,113.814301,22.617634,1,428977,False,False
21883636,36212,2018-11-25 11:23:07,113.814003,22.6182,1,428977,False,False
21883637,36212,2018-11-25 11:23:12,113.813698,22.61875,1,428977,False,False
21883638,36212,2018-11-25 11:23:22,113.813133,22.619801,1,428977,False,False
21883639,36212,2018-11-25 11:23:26,113.812881,22.620234,1,428977,False,False
21883640,36212,2018-11-25 11:23:32,113.812531,22.620899,1,428977,False,False
21883641,36212,2018-11-25 11:23:42,113.811966,22.622,1,428977,False,False
21883642,36212,2018-11-25 11:23:46,113.811897,22.622467,1,428977,False,False
21883643,36212,2018-11-25 11:23:52,113.812134,22.623199,1,428977,False,False
21883644,36212,2018-11-25 11:24:02,113.812851,22.62435,1,428977,False,False
21883645,36212,2018-11-25 11:24:07,113.812981,22.625,1,428977,False,False
21883646,36212,2018-11-25 11:24:12,113.812897,22.6257,1,428977,False,False
21883647,36212,2018-11-25 11:24:22,113.812263,22.626966,1,428977,False,False
21883648,36212,2018-11-25 11:24:26,113.811996,22.627451,1,428977,False,False
21883649,36212,2018-11-25 11:24:32,113.811447,22.628033,1,428977,False,False
21883650,36212,2018-11-25 11:24:41,113.810486,22.628,1,428977,False,False
21883651,36212,2018-11-25 11:24:46,113.81002,22.627733,1,428977,False,False
21883652,36212,2018-11-25 11:24:52,113.809433,22.627434,1,428977,False,False
21883653,36212,2018-11-25 11:25:07,113.808685,22.626984,0,428977,False,True
23221168,36792,2018-11-25 06:08:43,114.033966,22.613001,1,445438,True,False
23221169,36792,2018-11-25 06:08:58,114.032814,22.614332,1,445438,False,False
23221170,36792,2018-11-25 06:09:13,114.032516,22.6147,1,445438,False,False
23221171,36792,2018-11-25 06:09:28,114.032349,22.614883,1,445438,False,False
23221172,36792,2018-11-25 06:09:43,114.031052,22.614,1,445438,False,False
23221173,36792,2018-11-25 06:09:58,114.029549,22.61265,1,445438,False,False
23221174,36792,2018-11-25 06:10:06,114.029503,22.612568,1,445438,False,False
23221175,36792,2018-11-25 06:10:21,114.029503,22.612568,1,445438,False,False
23221176,36792,2018-11-25 06:10:36,114.029503,22.612568,1,445438,False,False
23221177,36792,2018-11-25 06:10:51,114.029503,22.612568,1,445438,False,False
23221178,36792,2018-11-25 06:11:05,114.029335,22.612499,1,445438,False,False
23221179,36792,2018-11-25 06:11:21,114.027832,22.611567,1,445438,False,False
23221180,36792,2018-11-25 06:11:35,114.025902,22.610332,1,445438,False,False
23221181,36792,2018-11-25 06:11:43,114.024582,22.609583,1,445438,False,False
23221182,36792,2018-11-25 06:11:45,114.024246,22.609383,1,445438,False,False
23221183,36792,2018-11-25 06:11:51,114.0233,22.608732,1,445438,False,False
23221184,36792,2018-11-25 06:12:00,114.022186,22.607782,1,445438,False,False
23221185,36792,2018-11-25 06:12:01,114.022064,22.607416,1,445438,False,False
23221186,36792,2018-11-25 06:12:15,114.02317,22.605133,1,445438,False,False
23221187,36792,2018-11-25 06:12:30,114.024902,22.603132,1,445438,False,False
23221188,36792,2018-11-25 06:12:45,114.026253,22.600834,1,445438,False,False
23221189,36792,2018-11-25 06:12:53,114.026482,22.599434,1,445438,False,False
23221190,36792,2018-11-25 06:13:08,114.025101,22.5972,1,445438,False,False
23221191,36792,2018-11-25 06:13:16,114.023918,22.596233,1,445438,False,False
23221192,36792,2018-11-25 06:13:31,114.022697,22.593983,1,445438,False,False
23221193,36792,2018-11-25 06:13:46,114.020287,22.593018,1,445438,False,False
23221194,36792,2018-11-25 06:14:01,114.017181,22.591867,1,445438,False,False
23221195,36792,2018-11-25 06:14:16,114.014297,22.590918,1,445438,False,False
23221196,36792,2018-11-25 06:14:31,114.0112,22.590151,1,445438,False,False
23221197,36792,2018-11-25 06:14:46,114.008453,22.59025,1,445438,False,False
23221198,36792,2018-11-25 06:15:01,114.005302,22.590668,1,445438,False,False
23221199,36792,2018-11-25 06:15:16,114.002518,22.59095,1,445438,False,False
23221200,36792,2018-11-25 06:15:31,113.999367,22.590532,1,445438,False,False
23221201,36792,2018-11-25 06:15:46,113.996986,22.589666,1,445438,False,False
23221202,36792,2018-11-25 06:16:01,113.9944,22.588583,1,445438,False,False
23221203,36792,2018-11-25 06:16:09,113.993019,22.588017,1,445438,False,False
23221204,36792,2018-11-25 06:16:24,113.990517,22.587133,1,445438,False,False
23221205,36792,2018-11-25 06:16:31,113.98893,22.586817,1,445438,False,False
23221206,36792,2018-11-25 06:16:46,113.986099,22.5865,1,445438,False,False
23221207,36792,2018-11-25 06:17:01,113.98278,22.58605,1,445438,False,False
23221208,36792,2018-11-25 06:17:16,113.979935,22.586132,1,445438,False,False
23221209,36792,2018-11-25 06:17:31,113.97673,22.586233,1,445438,False,False
23221210,36792,2018-11-25 06:17:40,113.975166,22.586233,1,445438,False,False
23221211,36792,2018-11-25 06:17:55,113.971901,22.585833,1,445438,False,False
23221212,36792,2018-11-25 06:18:10,113.969482,22.584566,1,445438,False,False
23221213,36792,2018-11-25 06:18:25,113.967613,22.582434,1,445438,False,False
23221214,36792,2018-11-25 06:18:33,113.966949,22.581182,1,445438,False,False
23221215,36792,2018-11-25 06:18:47,113.966187,22.5788,1,445438,False,False
23221216,36792,2018-11-25 06:19:26,113.966385,22.571501,1,445438,False,False
23221217,36792,2018-11-25 06:19:41,113.966515,22.56835,1,445438,False,False
23221218,36792,2018-11-25 06:19:56,113.965569,22.565866,1,445438,False,False
23221219,36792,2018-11-25 06:20:03,113.96447,22.564699,1,445438,False,False
23221220,36792,2018-11-25 06:20:05,113.964119,22.564432,1,445438,False,False
23221221,36792,2018-11-25 06:20:11,113.96303600000002,22.563816,1,445438,False,False
23221222,36792,2018-11-25 06:20:20,113.961464,22.563383,1,445438,False,False
23221223,36792,2018-11-25 06:20:35,113.958267,22.563683,1,445438,False,False
23221224,36792,2018-11-25 06:20:50,113.955597,22.564199,1,445438,False,False
23221225,36792,2018-11-25 06:21:05,113.954117,22.56575,1,445438,False,False
23221226,36792,2018-11-25 06:21:20,113.9533,22.567699,1,445438,False,False
23221227,36792,2018-11-25 06:21:35,113.95192,22.56695,1,445438,False,False
23221228,36792,2018-11-25 06:21:50,113.952698,22.5651,1,445438,False,False
23221229,36792,2018-11-25 06:21:58,113.952797,22.564034,1,445438,False,False
23221230,36792,2018-11-25 06:22:13,113.952782,22.563482,1,445438,False,False
23221231,36792,2018-11-25 06:22:28,113.952782,22.563482,1,445438,False,False
23221232,36792,2018-11-25 06:22:43,113.952782,22.563482,1,445438,False,False
23221233,36792,2018-11-25 06:22:58,113.952782,22.563482,1,445438,False,False
23221234,36792,2018-11-25 06:23:13,113.952797,22.562099,1,445438,False,False
23221235,36792,2018-11-25 06:23:28,113.952652,22.560049,1,445438,False,False
23221236,36792,2018-11-25 06:23:43,113.952599,22.557617,1,445438,False,False
23221237,36792,2018-11-25 06:23:58,113.951149,22.557016,1,445438,False,False
23221238,36792,2018-11-25 06:24:13,113.94912,22.556351,1,445438,False,False
23221239,36792,2018-11-25 06:24:28,113.947037,22.555733,1,445438,False,False
23221240,36792,2018-11-25 06:24:43,113.943832,22.555233,1,445438,False,False
23221241,36792,2018-11-25 06:24:58,113.941002,22.555367,1,445438,False,False
23221242,36792,2018-11-25 06:25:06,113.939468,22.555483,1,445438,False,False
23221243,36792,2018-11-25 06:25:21,113.936386,22.555582,1,445438,False,False
23221244,36792,2018-11-25 06:25:36,113.933929,22.5555,1,445438,False,False
23221245,36792,2018-11-25 06:25:44,113.932671,22.555468,1,445438,False,False
23221246,36792,2018-11-25 06:25:59,113.930519,22.555599,1,445438,False,False
23221247,36792,2018-11-25 06:26:14,113.929169,22.556883,1,445438,False,False
23221248,36792,2018-11-25 06:26:29,113.929085,22.559183,1,445438,False,False
23221249,36792,2018-11-25 06:26:44,113.929115,22.561899,1,445438,False,False
23221250,36792,2018-11-25 06:26:59,113.929131,22.564867,1,445438,False,False
23221251,36792,2018-11-25 06:27:07,113.929131,22.566133,1,445438,False,False
23221252,36792,2018-11-25 06:27:22,113.930099,22.566767,1,445438,False,False
23221253,36792,2018-11-25 06:27:37,113.930565,22.565767,1,445438,False,False
23221254,36792,2018-11-25 06:27:52,113.928482,22.566084,1,445438,False,False
23221255,36792,2018-11-25 06:28:07,113.926598,22.567101,1,445438,False,False
23221256,36792,2018-11-25 06:28:22,113.92627,22.567249,1,445438,False,False
23221257,36792,2018-11-25 06:28:37,113.92627,22.567249,1,445438,False,False
23221258,36792,2018-11-25 06:28:52,113.92627,22.567249,1,445438,False,False
23221259,36792,2018-11-25 06:29:07,113.92627,22.567249,1,445438,False,False
23221260,36792,2018-11-25 06:29:22,113.925018,22.567383,1,445438,False,False
23221261,36792,2018-11-25 06:29:45,113.92215,22.569782,1,445438,False,False
23221262,36792,2018-11-25 06:29:46,113.92215,22.569782,1,445438,False,False
23221263,36792,2018-11-25 06:30:00,113.921951,22.5721,1,445438,False,False
23221264,36792,2018-11-25 06:30:15,113.92083,22.574183,1,445438,False,False
23221265,36792,2018-11-25 06:30:30,113.919167,22.574568,1,445438,False,False
23221266,36792,2018-11-25 06:30:45,113.91777,22.5734,1,445438,False,False
23221267,36792,2018-11-25 06:31:00,113.916298,22.575033,1,445438,False,False
23221268,36792,2018-11-25 06:31:15,113.91421499999998,22.577333,1,445438,False,False
23221269,36792,2018-11-25 06:31:23,113.912964,22.578699,1,445438,False,False
23221270,36792,2018-11-25 06:31:38,113.910614,22.581232,1,445438,False,False
23221271,36792,2018-11-25 06:31:53,113.907898,22.584167,1,445438,False,False
23221272,36792,2018-11-25 06:32:08,113.905518,22.586733,1,445438,False,False
23221273,36792,2018-11-25 06:32:23,113.902664,22.589783,1,445438,False,False
23221274,36792,2018-11-25 06:32:38,113.900253,22.592318,1,445438,False,False
23221275,36792,2018-11-25 06:32:53,113.897133,22.59515,1,445438,False,False
23221276,36792,2018-11-25 06:33:08,113.894218,22.597467,1,445438,False,False
23221277,36792,2018-11-25 06:33:16,113.892548,22.598682,1,445438,False,False
23221278,36792,2018-11-25 06:33:17,113.892136,22.598984,1,445438,False,False
23221279,36792,2018-11-25 06:33:40,113.887451,22.602301,1,445438,False,False
23221280,36792,2018-11-25 06:33:46,113.886116,22.603367,1,445438,False,False
23221281,36792,2018-11-25 06:34:01,113.883102,22.606667,1,445438,False,False
23221282,36792,2018-11-25 06:34:16,113.880936,22.609783,1,445438,False,False
23221283,36792,2018-11-25 06:34:31,113.878571,22.613333,1,445438,False,False
23221284,36792,2018-11-25 06:34:54,113.874649,22.617582,1,445438,False,False
23221285,36792,2018-11-25 06:34:55,113.874252,22.617916,1,445438,False,False
23221286,36792,2018-11-25 06:35:09,113.871269,22.619967000000006,1,445438,False,False
23221287,36792,2018-11-25 06:35:24,113.867897,22.621532,1,445438,False,False
23221288,36792,2018-11-25 06:35:39,113.863869,22.623051,1,445438,False,False
23221289,36792,2018-11-25 06:35:54,113.86021399999998,22.624434,1,445438,False,False
23221290,36792,2018-11-25 06:36:09,113.856514,22.625868,1,445438,False,False
23221291,36792,2018-11-25 06:36:24,113.854233,22.627583,1,445438,False,False
23221292,36792,2018-11-25 06:36:32,113.853104,22.628717,1,445438,False,False
23221293,36792,2018-11-25 06:36:33,113.852798,22.628933,1,445438,False,False
23221294,36792,2018-11-25 06:36:40,113.851799,22.629417,1,445438,False,False
23221295,36792,2018-11-25 06:36:55,113.849602,22.62875,1,445438,False,False
23221296,36792,2018-11-25 06:37:03,113.8498,22.627733,1,445438,False,False
23221297,36792,2018-11-25 06:37:17,113.850136,22.626984,1,445438,False,False
23221298,36792,2018-11-25 06:37:33,113.85038,22.626568,1,445438,False,False
23221299,36792,2018-11-25 06:37:48,113.850037,22.62495,1,445438,False,False
23221300,36792,2018-11-25 06:38:03,113.848114,22.62335,1,445438,False,False
23221301,36792,2018-11-25 06:38:18,113.845703,22.622351,1,445438,False,False
23221302,36792,2018-11-25 06:38:26,113.844185,22.62195,1,445438,False,False
23221303,36792,2018-11-25 06:38:41,113.841049,22.621134,1,445438,False,False
23221304,36792,2018-11-25 06:38:56,113.838348,22.620434,1,445438,False,False
23221305,36792,2018-11-25 06:39:11,113.835335,22.619617,1,445438,False,False
23221306,36792,2018-11-25 06:39:26,113.832802,22.618633,1,445438,False,False
23221307,36792,2018-11-25 06:39:41,113.830086,22.617367,1,445438,False,False
23221308,36792,2018-11-25 06:39:56,113.827698,22.616249,1,445438,False,False
23221309,36792,2018-11-25 06:40:11,113.824982,22.61495,1,445438,False,False
23221310,36792,2018-11-25 06:40:26,113.82258600000002,22.613832,1,445438,False,False
23221311,36792,2018-11-25 06:40:34,113.821251,22.613199,1,445438,False,False
23221312,36792,2018-11-25 06:40:49,113.818832,22.612133,1,445438,False,False
23221313,36792,2018-11-25 06:40:57,113.817596,22.612284,1,445438,False,False
23221314,36792,2018-11-25 06:41:11,113.816299,22.613934,1,445438,False,False
23221315,36792,2018-11-25 06:41:27,113.81517,22.616083,1,445438,False,False
23221316,36792,2018-11-25 06:41:42,113.814133,22.618017,1,445438,False,False
23221317,36792,2018-11-25 06:41:57,113.81295,22.620199,1,445438,False,False
23221318,36792,2018-11-25 06:42:12,113.811981,22.622049,1,445438,False,False
23221319,36792,2018-11-25 06:42:20,113.81208,22.623117,1,445438,False,False
23221320,36792,2018-11-25 06:42:35,113.812965,22.6252,1,445438,False,False
23221321,36792,2018-11-25 06:42:50,113.812164,22.627068,1,445438,False,False
23221322,36792,2018-11-25 06:43:05,113.810547,22.628017,1,445438,False,False
23221323,36792,2018-11-25 06:43:20,113.8088,22.62715,1,445438,False,False
23221324,36792,2018-11-25 06:43:35,113.807701,22.626583,0,445438,False,True
